"","Name","Position","Current.company","Location","URL","year","master_year","year1","year2","year3","year4","year5","year6","year7","year8","year9","year10","year11","year12","year13","year14","year15","year16","year17","Degree","School","Level"
"1","3dfe538cddddd9a5088331dd2eabd3cc","Postdoctoral Researcher at University of California, Berkeley","University of California, Berkeley","Berkeley, California, United States","ed61a2091fba786225c1391bdaff54d7","2014/2015","2015",TRUE,TRUE,TRUE,TRUE,FALSE,FALSE,FALSE,FALSE,FALSE,FALSE,FALSE,FALSE,FALSE,FALSE,FALSE,FALSE,FALSE,"Doctor of Philosophy (Ph.D.), Biology","UCL","PhD"
"2","a9b92235fc0aefb3f3a8b95ab97a9777","PsyD Doctoral Student - Clinical Psychology The Chicago School of Professional Psychology, Los Angeles","The Adult Skills Center (TASC)","Los Angeles, California, United States","e0e48dc087f4b85e7ab19ac3ac1cda6b","2018-2019","2019",TRUE,TRUE,TRUE,TRUE,TRUE,TRUE,FALSE,FALSE,FALSE,FALSE,FALSE,FALSE,FALSE,FALSE,FALSE,FALSE,FALSE,"PsyD - Doctor of Clinical Psy, Clinical Psychology","The Chicago School of Professional Psychology at Los Angeles","PhD"
"3","a9b92235fc0aefb3f3a8b95ab97a9777","PsyD Doctoral Student - Clinical Psychology The Chicago School of Professional Psychology, Los Angeles","The Adult Skills Center (TASC)","Los Angeles, California, United States","e0e48dc087f4b85e7ab19ac3ac1cda6b","2018-2019","2019",TRUE,TRUE,TRUE,TRUE,TRUE,TRUE,FALSE,FALSE,FALSE,FALSE,FALSE,FALSE,FALSE,FALSE,FALSE,FALSE,FALSE,"PsyD - Doctor of Clinical Psy, Clinical Psychology","The Chicago School of Professional Psychology at Los Angeles","PhD"
"4","6b59fe70d873cab32889f868b49d7556","Consultant freelance F&R SAP","Decathlon France","Lille, Hauts-de-France, France","87f9b6030d22bb591336a032af8f72c4","2010/2011","2011",TRUE,TRUE,TRUE,FALSE,FALSE,FALSE,FALSE,FALSE,FALSE,FALSE,FALSE,FALSE,FALSE,FALSE,FALSE,FALSE,FALSE,"Doctorat , Interface Physique Biologie","Learning Planet Institute","PhD"
"5","beeb940b8c48fe0bff65a4c89fd9535b","Scientist chez MaxiVAX","MaxiVAX","Switzerland","679cb84cbd813463eb03c1c454098411","2012/2013","2013",FALSE,FALSE,TRUE,TRUE,TRUE,TRUE,TRUE,FALSE,FALSE,FALSE,FALSE,FALSE,FALSE,FALSE,FALSE,FALSE,FALSE,"Docteur en Biologie, Immunologie","University of Lausanne - UNIL","PhD"
"6","0e8b6f6e19692462b94fe66c11820c7c","Vascular Surgery Resident at Greater Paris University Hospitals - AP-HP","Greater Paris University Hospitals - AP-HP","Paris, Île-de-France, France","4fcb7054074d21aae09ddfb2ebd367f5","2014/2015","2015",FALSE,FALSE,TRUE,TRUE,TRUE,TRUE,TRUE,TRUE,TRUE,FALSE,FALSE,FALSE,FALSE,FALSE,FALSE,FALSE,FALSE,"Chirurgie Vasculaire","Université Paris Cité","PhD"
"7","0e8b6f6e19692462b94fe66c11820c7c","Vascular Surgery Resident at Greater Paris University Hospitals - AP-HP","Greater Paris University Hospitals - AP-HP","Paris, Île-de-France, France","4fcb7054074d21aae09ddfb2ebd367f5","2014/2015","2015",FALSE,FALSE,FALSE,TRUE,TRUE,FALSE,FALSE,FALSE,FALSE,FALSE,FALSE,FALSE,FALSE,FALSE,FALSE,FALSE,FALSE,"Diplôme Inter-Universitaire d'Imagerie Vasculaire Non Invasive","Université Paris Descartes","Other"
"8","0e8b6f6e19692462b94fe66c11820c7c","Vascular Surgery Resident at Greater Paris University Hospitals - AP-HP","Greater Paris University Hospitals - AP-HP","Paris, Île-de-France, France","4fcb7054074d21aae09ddfb2ebd367f5","2014/2015","2015",TRUE,TRUE,TRUE,FALSE,FALSE,FALSE,FALSE,FALSE,FALSE,FALSE,FALSE,FALSE,FALSE,FALSE,FALSE,FALSE,FALSE,"Doctor of Medicine (M.D.)","Université Paris Cité","PhD"
"9","b4a0ffcd740b4f7b20f592846c906e0b","Ph.D. Ingénierie Environnementale","Eiffage","Paris et périphérie","8771af184c02ffc0549e621ed56dae3d","2011/2012","2012",TRUE,TRUE,FALSE,FALSE,FALSE,FALSE,FALSE,FALSE,FALSE,FALSE,FALSE,FALSE,FALSE,FALSE,FALSE,FALSE,FALSE,"Master of Arts (M.A.), Communication Scientifique","University of the West of England","Master"
"10","0f1dc4b204f8de6bf328c06a0e6fa873","Product Owner chez Stago","Stago","Greater Paris Metropolitan Region","aa81c53f9bada93c8ef5f82250f4c320","2006/2007","2007",TRUE,TRUE,TRUE,TRUE,FALSE,FALSE,FALSE,FALSE,FALSE,FALSE,FALSE,FALSE,FALSE,FALSE,FALSE,FALSE,FALSE,"Doctorat en Immunologie (soutenance : 11 avril 2011), Biologie (Immunologie) ; obtenu avec mention très honorable","Université Paris Cité","PhD"
"11","d73f218d8dcd8d5a6fc74cc50e0a36c8","--","codecentric AG","Germany","5488d498028fb3b258e8f03b7db5e411","2014/2015","2015",TRUE,FALSE,FALSE,FALSE,FALSE,FALSE,FALSE,FALSE,FALSE,FALSE,FALSE,FALSE,FALSE,FALSE,FALSE,FALSE,FALSE,"Master of Science (M.Sc.), Informatik","Technical University of Munich","Master"
"12","846ce5036a2ac9606a39f3cbde69b17d","Scientist at Codexis","Codexis, Inc.","San Francisco Bay Area","b2afab38831e867ffd75c61916108a7d","2011/2012","2012",TRUE,TRUE,TRUE,FALSE,FALSE,FALSE,FALSE,FALSE,FALSE,FALSE,FALSE,FALSE,FALSE,FALSE,FALSE,FALSE,FALSE,"PhD, Interdisciplinary Biology","Learning Planet Institute","PhD"
"13","8cb64003043a6171d71691d88a0ba3d0","PhD in Evolutionary Biology/Behavioral Ecology/Sensory Ecology/Herpetology","Universi","France","17fb1e4a2e358de06aec2741d06f7c6e","2014/2015","2015",TRUE,TRUE,TRUE,TRUE,FALSE,FALSE,FALSE,FALSE,FALSE,FALSE,FALSE,FALSE,FALSE,FALSE,FALSE,FALSE,FALSE,"Doctorat, Ecologie, évolution et biologie environnementale","Université Paris Cité","PhD"
"14","648faedf7cd1e3f6e764f2e82afd6e5e","Lead data Engineer chez AXA en France","AXA en France","Greater Paris Metropolitan Region","12456c6720eed1c3330696cdca39953e","2005/2006","2006",FALSE,TRUE,TRUE,TRUE,TRUE,FALSE,FALSE,FALSE,FALSE,FALSE,FALSE,FALSE,FALSE,FALSE,FALSE,FALSE,FALSE,"PhD, Science de la vie","Université Paris Cité","PhD"
"15","7a98a16b5cf27a10fdca4e7e88505922","Innovators Field Manager at Science Entrepreneur Club","Science Entrepreneur Club","London, England, United Kingdom","7bd25970129f74175bb660e363bc3fc8","2017/2018","2018",TRUE,TRUE,TRUE,FALSE,FALSE,FALSE,FALSE,FALSE,FALSE,FALSE,FALSE,FALSE,FALSE,FALSE,FALSE,FALSE,FALSE,"Doctor of Philosophy - PhD","Imperial College London","PhD"
"16","9bbc3f3a5d9d67163c0fc42a70f11c60","DPhil Candidate in Synthetic Biology","University of Oxford, Department of Physics","Greater Oxford Area","75a4712925f53baaddb4f65e055db745","2017/2018","2018",TRUE,TRUE,TRUE,TRUE,FALSE,FALSE,FALSE,FALSE,FALSE,FALSE,FALSE,FALSE,FALSE,FALSE,FALSE,FALSE,FALSE,"DPhil, Synthetic Biology","University of Oxford","PhD"
"17","bfa36ac9970eddda0d545572374567ce","Chargée de cours","Université de Paris","Paris et périphérie","52360484784c0fcf1e81ef50220ecf56","2014-2015","2015",TRUE,TRUE,TRUE,TRUE,TRUE,FALSE,FALSE,FALSE,FALSE,FALSE,FALSE,FALSE,FALSE,FALSE,FALSE,FALSE,FALSE,"Doctorat, Sociologie de l'éducation","Université Paris Cité","PhD"
"18","bfa36ac9970eddda0d545572374567ce","Chargée de cours","Université de Paris","Paris et périphérie","52360484784c0fcf1e81ef50220ecf56","2014-2015","2015",TRUE,TRUE,TRUE,TRUE,TRUE,FALSE,FALSE,FALSE,FALSE,FALSE,FALSE,FALSE,FALSE,FALSE,FALSE,FALSE,FALSE,"Doctorat, Sociologie de l'éducation","Université Paris Cité","PhD"
"19","a21a4875a943101105f760502e0318d5","Deputy Director Département Frontières du Vivant et de l'Apprendre. chez Université de Paris","Université de Paris","Paris, Île-de-France, France","efdaa8079256918327188efe8fe5c27b","2004/2005","2005",FALSE,FALSE,FALSE,FALSE,FALSE,FALSE,FALSE,FALSE,FALSE,FALSE,FALSE,FALSE,TRUE,TRUE,FALSE,FALSE,FALSE,"Machine Learning et Intelligence Artificielle LIP6","Sorbonne Université","Other"
"20","a21a4875a943101105f760502e0318d5","Deputy Director Département Frontières du Vivant et de l'Apprendre. chez Université de Paris","Université de Paris","Paris, Île-de-France, France","efdaa8079256918327188efe8fe5c27b","2004/2005","2005",FALSE,FALSE,FALSE,FALSE,FALSE,FALSE,FALSE,TRUE,TRUE,TRUE,FALSE,FALSE,FALSE,FALSE,FALSE,FALSE,FALSE,"Master of Business Administration (MBA) - Master Administration des Entreprises","IAE Paris - Sorbonne Business School","Master"
"21","a21a4875a943101105f760502e0318d5","Deputy Director Département Frontières du Vivant et de l'Apprendre. chez Université de Paris","Université de Paris","Paris, Île-de-France, France","efdaa8079256918327188efe8fe5c27b","2004/2005","2005",TRUE,TRUE,TRUE,TRUE,FALSE,FALSE,FALSE,FALSE,FALSE,FALSE,FALSE,FALSE,FALSE,FALSE,FALSE,FALSE,FALSE,"Doctorat - PhD, Physique - Physics","Paris-Sud University (Paris XI)","PhD"
"22","afc4f6ead12a7fec0f4d630012f0a4f8","Computational Biology | Neuroscience | Data Science","Cajal Neuroscience","Seattle, Washington, United States","4ea524ebd9c01d65327df30f34a0200c","2009/2010","2010",FALSE,TRUE,TRUE,TRUE,TRUE,FALSE,FALSE,FALSE,FALSE,FALSE,FALSE,FALSE,FALSE,FALSE,FALSE,FALSE,FALSE,"Doctor of Philosophy (PhD), Computational Neuroscience","Ecole normale supérieure","PhD"
"23","afc4f6ead12a7fec0f4d630012f0a4f8","Computational Biology | Neuroscience | Data Science","Cajal Neuroscience","Seattle, Washington, United States","4ea524ebd9c01d65327df30f34a0200c","2009/2010","2010",TRUE,FALSE,FALSE,FALSE,FALSE,FALSE,FALSE,FALSE,FALSE,FALSE,FALSE,FALSE,FALSE,FALSE,FALSE,FALSE,FALSE,"Master's degree, Physics","Peter the Great St.Petersburg Polytechnic University","Master"
"24","afc4f6ead12a7fec0f4d630012f0a4f8","Computational Biology | Neuroscience | Data Science","Cajal Neuroscience","Seattle, Washington, United States","4ea524ebd9c01d65327df30f34a0200c","2009/2010","2010",FALSE,FALSE,FALSE,FALSE,FALSE,TRUE,FALSE,FALSE,FALSE,FALSE,FALSE,FALSE,FALSE,FALSE,FALSE,FALSE,FALSE,"Dynamic Brain Workshop, Computational Neuroscience and Data Analysis","University of Washington","Other"
"25","afc4f6ead12a7fec0f4d630012f0a4f8","Computational Biology | Neuroscience | Data Science","Cajal Neuroscience","Seattle, Washington, United States","4ea524ebd9c01d65327df30f34a0200c","2009/2010","2010",FALSE,FALSE,TRUE,FALSE,FALSE,FALSE,FALSE,FALSE,FALSE,FALSE,FALSE,FALSE,FALSE,FALSE,FALSE,FALSE,FALSE,"Theoretical neuroscience","Federation of European Neuroscience","Other"
"26","afc4f6ead12a7fec0f4d630012f0a4f8","Computational Biology | Neuroscience | Data Science","Cajal Neuroscience","Seattle, Washington, United States","4ea524ebd9c01d65327df30f34a0200c","2009/2010","2010",FALSE,TRUE,FALSE,FALSE,FALSE,FALSE,FALSE,FALSE,FALSE,FALSE,FALSE,FALSE,FALSE,FALSE,FALSE,FALSE,FALSE,"Computational neuroscience","Peter the Great St.Petersburg Polytechnic University","Other"
"27","3aebfa21c7bf2d207e6e956e1f7ccf53","Project Manager and Analyst at Jakob and Partners","Jakob and Partners","Copenhagen, Capital Region, Denmark","d7ce5b42e9aba9c0753d6eb8ffbfecd3","2013/2014","2014",TRUE,TRUE,TRUE,TRUE,TRUE,FALSE,FALSE,FALSE,FALSE,FALSE,FALSE,FALSE,FALSE,FALSE,FALSE,FALSE,FALSE,"Dr. rer. nat. (doctor rerum naturalium), Synthetic Microbiology","The Philipp University of Marburg","PhD"
"28","6b12da2db0ead231f082dc0c6d08b340","Assistant Professor at University of Pittsburgh School of Medicine","University of Pittsburgh School of Medicine","Pittsburgh, Pennsylvania, United States","c60ff9cb7cd36ea9891e36f0aba63d14","2004/2005","2005",TRUE,TRUE,TRUE,TRUE,TRUE,TRUE,FALSE,FALSE,FALSE,FALSE,FALSE,FALSE,FALSE,FALSE,FALSE,FALSE,FALSE,"PhD, Bioinformatics","Universite de Grenoble","PhD"
"29","32ab541168fae02c085b0fb510da5f76","Designer, Scientist, Founder at BIO SENTINELLE","BIO SENTINELLE","Paris, Île-de-France, France","9c24cc3203f1ba25840e031dd8b8855a","2017-2018","2018",TRUE,FALSE,FALSE,FALSE,FALSE,FALSE,FALSE,FALSE,FALSE,FALSE,FALSE,FALSE,FALSE,FALSE,FALSE,FALSE,FALSE,"Full-Stack Web Development & UX/UI Design","Ironhack","Other"
"30","b37d0e8df3677639ccb07bafbf6e616f","Research scientist - data & humanities ; EIG-DiNUM","Gendarmerie Nationale","Paris, Île-de-France, France","146fd84b59cd152e91502338053dca22","2009/2010","2010",FALSE,TRUE,TRUE,TRUE,TRUE,TRUE,FALSE,FALSE,FALSE,FALSE,FALSE,FALSE,FALSE,FALSE,FALSE,FALSE,FALSE,"Research Doctorate, Computational social science","Université Paris Cité","PhD"
"31","34b1e41de2c41e4ad6a6b14520bfba50","Data Scientist","DataScientest.com","Paris, Île-de-France, France","f7c0c4b4842afeb7748bca091b4fda1e","2017/2018","2018",FALSE,FALSE,TRUE,TRUE,FALSE,FALSE,FALSE,FALSE,FALSE,FALSE,FALSE,FALSE,FALSE,FALSE,FALSE,FALSE,FALSE,"Data Scientist Training, Data Science","DataScientest.com","Other"
"32","c6b0fc3abd1daed550dc31b297a845f3","International L&D Manager Edflex","Edflex","Paris, Île-de-France, France","c3de170fc6c6c219c3bc70f33d4645e0","2017-2018","2018",FALSE,FALSE,TRUE,FALSE,FALSE,FALSE,FALSE,FALSE,FALSE,FALSE,FALSE,FALSE,FALSE,FALSE,FALSE,FALSE,FALSE,"Professional Certificate","Google Project Management Specialization","Other"
"33","0eafa2e824460201165498b17523f02c","Researcher at Inserm","Inserm","Greater Paris Metropolitan Region","91c9808f9f8b90a25d7eb8585a4216c9","2012/2013","2013",TRUE,FALSE,FALSE,FALSE,FALSE,FALSE,FALSE,FALSE,FALSE,FALSE,FALSE,FALSE,FALSE,FALSE,FALSE,FALSE,FALSE,"Post-Master Degree, Management, Administration, and Policies of Sustainable Devlopment","Ecole Nationale des Ponts et Chaussées","Master"
"34","0eafa2e824460201165498b17523f02c","Researcher at Inserm","Inserm","Greater Paris Metropolitan Region","91c9808f9f8b90a25d7eb8585a4216c9","2012/2013","2013",TRUE,FALSE,FALSE,FALSE,FALSE,FALSE,FALSE,FALSE,FALSE,FALSE,FALSE,FALSE,FALSE,FALSE,FALSE,FALSE,FALSE,"Post-Master Degree, Management, Administration, and Policies of Sustainable Devlopment","Ecole Nationale des Ponts et Chaussées","Master"
"35","0eafa2e824460201165498b17523f02c","Researcher at Inserm","Inserm","Greater Paris Metropolitan Region","91c9808f9f8b90a25d7eb8585a4216c9","2012/2013","2013",TRUE,FALSE,FALSE,FALSE,FALSE,FALSE,FALSE,FALSE,FALSE,FALSE,FALSE,FALSE,FALSE,FALSE,FALSE,FALSE,FALSE,"Post-Master Degree, Management, Administration, and Policies of Sustainable Devlopment","Ecole Nationale des Ponts et Chaussées","Master"
"36","b58c8c726ebf576dd9f029cdde5bbbc8","Ingénieur en biologie moléculaire forensique chez Institut de Recherche Criminelle de la Gendarmerie Nationale (IRCGN)","Institut de Recherche Criminelle de la Gendarmerie Nationale (IRCGN)","France","6ccfd161c9595e8f60f46ef10abeaefe","2010/2011","2011",FALSE,FALSE,FALSE,FALSE,TRUE,FALSE,FALSE,FALSE,FALSE,FALSE,FALSE,FALSE,FALSE,FALSE,FALSE,FALSE,FALSE,"Certificat Data Scientist, Data Scientist","Université Paris Dauphine - PSL","Other"
"37","b58c8c726ebf576dd9f029cdde5bbbc8","Ingénieur en biologie moléculaire forensique chez Institut de Recherche Criminelle de la Gendarmerie Nationale (IRCGN)","Institut de Recherche Criminelle de la Gendarmerie Nationale (IRCGN)","France","6ccfd161c9595e8f60f46ef10abeaefe","2010/2011","2011",TRUE,TRUE,TRUE,TRUE,FALSE,FALSE,FALSE,FALSE,FALSE,FALSE,FALSE,FALSE,FALSE,FALSE,FALSE,FALSE,FALSE,"Doctorat de sciences, Biodiversité, Génétique et Evolution","École Pratique des Hautes Études","PhD"
"38","b58c8c726ebf576dd9f029cdde5bbbc8","Ingénieur en biologie moléculaire forensique chez Institut de Recherche Criminelle de la Gendarmerie Nationale (IRCGN)","Institut de Recherche Criminelle de la Gendarmerie Nationale (IRCGN)","France","6ccfd161c9595e8f60f46ef10abeaefe","2010/2011","2011",TRUE,TRUE,TRUE,TRUE,FALSE,FALSE,FALSE,FALSE,FALSE,FALSE,FALSE,FALSE,FALSE,FALSE,FALSE,FALSE,FALSE,"Doctorat, Biologie moléculaire","Muséum National d'Histoire Naturelle — Teaching/Training","PhD"
"39","b9b51428f82401e27e5ea981f116412f","PhD candidate at Institut Curie, CRI and Université de Paris","Institut Curie","Greater Paris Metropolitan Region","447432bd3f918eed7e7400d2eeb221f4","2017/2018","2018",TRUE,TRUE,TRUE,TRUE,FALSE,FALSE,FALSE,FALSE,FALSE,FALSE,FALSE,FALSE,FALSE,FALSE,FALSE,FALSE,FALSE,"Doctor of Philosophy - PhD","Université Paris Cité","PhD"
"40","1f9486cdbc24e75115dff4e2394d5233","Entrepreneurship, Research, Science Communications","freelance","France","73055e07fb2cb1fecd60025bf08b6e98","2017/2018","2018",TRUE,TRUE,TRUE,TRUE,FALSE,FALSE,FALSE,FALSE,FALSE,FALSE,FALSE,FALSE,FALSE,FALSE,FALSE,FALSE,FALSE,"Doctor of Philosophy - PhD , Génétique, omiques, bioinformatique et biologie des systèmes","Université Paris Descartes + INSERM + CRI","PhD"
"41","5c4668ae8f3ada6b70530e105d64a1cb","Recherche d'emploi (secteur : Études/recherche)","Université Paris Descartes","Greater Paris Metropolitan Region","9f6b74bd5d616d2c086da6a227eb31b4","2009/2010","2010",TRUE,TRUE,TRUE,FALSE,FALSE,FALSE,FALSE,FALSE,FALSE,FALSE,FALSE,FALSE,FALSE,FALSE,FALSE,FALSE,FALSE,"Doctor of Philosophy (PhD), Interface Physique/Biologie","Université Paris Cité","PhD"
"42","4e517fbece86f5ec902f18bd49e655e0","Doctorant en éducation et chercheur communautaire sur le croisement des savoirs et des pratiques.","ATD Quart Monde - Canada","Montreal, Quebec, Canada","a2427a17feb068d620a66bcb17dacc12","2018-2019","2019",TRUE,TRUE,TRUE,TRUE,FALSE,FALSE,FALSE,FALSE,FALSE,FALSE,FALSE,FALSE,FALSE,FALSE,FALSE,FALSE,FALSE,"Doctorat en éducation, Education populaire","Université de Sherbrooke","PhD"
"43","d5652a7985d0096bf4f3d3f835d9bad1","Scientific Project Officer in the French National Research Agency - ANR","French National Research Agency - ANR","Paris, Île-de-France, France","66210ffda281bacf355ac6428cadd8c8","2013/2014","2014",TRUE,TRUE,TRUE,TRUE,FALSE,FALSE,FALSE,FALSE,FALSE,FALSE,FALSE,FALSE,FALSE,FALSE,FALSE,FALSE,FALSE,"DOCTORAT en Biologie Interdisciplinaire, Biogéochimie","Université Paris Cité","PhD"
"44","42c3134a48a32f9ae4434fecf715e992","CSO Plantibodies","PlantiBodies","Paris, Île-de-France, France","73e73301d5cf828ae91cf6909eb1b750","2015/2016","2016",FALSE,FALSE,FALSE,FALSE,TRUE,TRUE,FALSE,FALSE,FALSE,FALSE,FALSE,FALSE,FALSE,FALSE,FALSE,FALSE,FALSE,"Business/Entrepreneurship","HEC Paris","Other"
"45","42c3134a48a32f9ae4434fecf715e992","CSO Plantibodies","PlantiBodies","Paris, Île-de-France, France","73e73301d5cf828ae91cf6909eb1b750","2015/2016","2016",TRUE,TRUE,TRUE,TRUE,FALSE,FALSE,FALSE,FALSE,FALSE,FALSE,FALSE,FALSE,FALSE,FALSE,FALSE,FALSE,FALSE,"Doctor of Philosophy - PhD, Neurobiology and Neurosciences","Collège de France","PhD"
"46","22ed32c04c24c22f5e7749339ecfc847","Doctorante en Sciences de l'Education","Université de Montpellier","Montpellier, Occitanie, France","cb736572d2da5b6cc438041b2f5e64a6","2017-2018","2018",TRUE,TRUE,TRUE,FALSE,FALSE,FALSE,FALSE,FALSE,FALSE,FALSE,FALSE,FALSE,FALSE,FALSE,FALSE,FALSE,FALSE,"Doctorat, Sciences de l'Education","Université Paul Valéry - Montpellier III","PhD"
"47","22ed32c04c24c22f5e7749339ecfc847","Doctorante en Sciences de l'Education","Université de Montpellier","Montpellier, Occitanie, France","cb736572d2da5b6cc438041b2f5e64a6","2017-2018","2018",TRUE,TRUE,FALSE,FALSE,FALSE,FALSE,FALSE,FALSE,FALSE,FALSE,FALSE,FALSE,FALSE,FALSE,FALSE,FALSE,FALSE,"Master 1 , Psychanalyse","Université Paul Valéry - Montpellier III","Master"
"48","85dd047c4cfdcf52b530b777da336fe9","Post-doctoral research fellow at Princeton Neuroscience Institute","Princeton University","Princeton, New Jersey, United States","21505e916f27ff56d677b2412ba147fc","2016-2017","2017",TRUE,FALSE,FALSE,FALSE,FALSE,FALSE,FALSE,FALSE,FALSE,FALSE,FALSE,FALSE,FALSE,FALSE,FALSE,FALSE,FALSE,"Doctor of Philosophy (PhD), Interdisciplinary Sciences, Neurosciences","Learning Planet Institute","PhD"
"49","3d94f1c1b9ffabd7e3abe6d38af810c5","Analyste Décisionnel - Consultant BI chez CGI","CGI","Nantes, Pays de la Loire, France","b0799f76f4affb3bd6b37f88af7f2401","2009/2010","2010",TRUE,TRUE,TRUE,TRUE,TRUE,TRUE,TRUE,FALSE,FALSE,FALSE,FALSE,FALSE,FALSE,FALSE,FALSE,FALSE,FALSE,"Philosophiæ doctor (PhD), Département de Génie des Min-Mét-Matériaux","Université Laval","PhD"
"50","3d94f1c1b9ffabd7e3abe6d38af810c5","Analyste Décisionnel - Consultant BI chez CGI","CGI","Nantes, Pays de la Loire, France","b0799f76f4affb3bd6b37f88af7f2401","2009/2010","2010",TRUE,FALSE,FALSE,FALSE,FALSE,FALSE,FALSE,FALSE,FALSE,FALSE,FALSE,FALSE,FALSE,FALSE,FALSE,FALSE,FALSE,"Master 2, Ingénierie Biomédicale","Arts et Métiers ParisTech - École Nationale Supérieure d'Arts et Métiers","Master"
"51","b273128ffe0b222d258ce1352ceb7985","Epidemiologist | Data Scientist","Médecins Sans Frontières (MSF)","Paris, Île-de-France, France","cf9d934d3ad96c76fbd94cd6e01e7e39","2015/2016","2016",TRUE,TRUE,TRUE,TRUE,FALSE,FALSE,FALSE,FALSE,FALSE,FALSE,FALSE,FALSE,FALSE,FALSE,FALSE,FALSE,FALSE,"Doctor of Philosophy - PhD, Epidemiology and Public Health","Institut Pasteur","PhD"
"52","b273128ffe0b222d258ce1352ceb7985","Epidemiologist | Data Scientist","Médecins Sans Frontières (MSF)","Paris, Île-de-France, France","cf9d934d3ad96c76fbd94cd6e01e7e39","2015/2016","2016",TRUE,FALSE,FALSE,FALSE,FALSE,FALSE,FALSE,FALSE,FALSE,FALSE,FALSE,FALSE,FALSE,FALSE,FALSE,FALSE,FALSE,"Master of Science - MS, Epidemiology","London School of Hygiene and Tropical Medicine, U. of London","Master"
"53","d3a2018447ce59fd3eca2a90240962b8","Entreprenariat et recherche en sciences participatives marines et instrumentation open source","Astrolabe Expéditions","France","6470caf1573d08a3b41ad6383621fce0","2019-2020","2020",TRUE,TRUE,TRUE,FALSE,FALSE,FALSE,FALSE,FALSE,FALSE,FALSE,FALSE,FALSE,FALSE,FALSE,FALSE,FALSE,FALSE,"Doctor of Philosophy - PhD - Oceanographie Open Source (en cours), Oceanography, Citizen Sciences","Learning Planet Institute","PhD"
"54","3b1deb5c85a47494cf0e6ad485d751a0","Attachée de Direction Réseau JCM SANTE","JCM Santé SAS","Marseille, Provence-Alpes-Côte d'Azur, France","6729377511f557754f2b5a2b6cf7f97f","2013/2014","2014",TRUE,TRUE,TRUE,FALSE,FALSE,FALSE,FALSE,FALSE,FALSE,FALSE,FALSE,FALSE,FALSE,FALSE,FALSE,FALSE,FALSE,"Psychomotricité","ISRP - Institut Supérieur de Rééducation Psychomotrice","Other"
"55","998ca73c696ab2a3b537f47f1cff991c","Data Manager - Research associate at Evotec","Evotec","Germany","49d821ea5d045b858cc91fb57de3c067","2015/2016","2016",TRUE,TRUE,TRUE,TRUE,FALSE,FALSE,FALSE,FALSE,FALSE,FALSE,FALSE,FALSE,FALSE,FALSE,FALSE,FALSE,FALSE,"Phd, Neuroscience","Université Paris Cité","PhD"
"56","52a206c96b45a9ba28a62941691da571","Développeuse","Université de Cergy-Pontoise","Geneva Metropolitan Area","1fdcc1158961863756c7735f19e3b2bc","2013/2014","2014",TRUE,TRUE,FALSE,FALSE,FALSE,FALSE,FALSE,FALSE,FALSE,FALSE,FALSE,FALSE,FALSE,FALSE,FALSE,FALSE,FALSE,"Master's degree, Formation et enseignement élémentaires","CY Cergy Paris Université","Master"
"57","832c7890fcb30a72e902c28e1ee8dc22","PHD Student in Immunity & Cancer at Institut Curie","Institut Curie","France","7b8dad6a623fa3d9aceb1badb934f419","2017/2018","2018",TRUE,TRUE,TRUE,FALSE,FALSE,FALSE,FALSE,FALSE,FALSE,FALSE,FALSE,FALSE,FALSE,FALSE,FALSE,FALSE,FALSE,"Doctor of Philosophy - PhD, Immunology","Université Paris Cité","PhD"
"58","f46d667de264cbd2f2acfbb65fd47156","Senior Scientist & Product Manager at Roche, Data Integration and Machine Learning Operations","Roche","Zurich, Switzerland","8d7eb9d5900403ca8ac310f641c0951b","2010/2011","2011",TRUE,TRUE,TRUE,TRUE,FALSE,FALSE,FALSE,FALSE,FALSE,FALSE,FALSE,FALSE,FALSE,FALSE,FALSE,FALSE,FALSE,"Doctor of Philosophy (PhD), Biology, General","Heidelberg University","PhD"
"59","f537cb9da3a91cd87b778b48ce85c1a1","Postdoc at the MRC-LMS","MRC-LMS","London, England, United Kingdom","ae7927f077fc9e0d46a6ddb7076e6862","2008/2009","2009",TRUE,TRUE,TRUE,TRUE,FALSE,FALSE,FALSE,FALSE,FALSE,FALSE,FALSE,FALSE,FALSE,FALSE,FALSE,FALSE,FALSE,"Doctor of Philosophy (PhD), Developmental Biology and Embryology","EMBL Heidelberg","PhD"
"60","46c074ae36442a7d305d9a97789a2c53","Médiateur scientifique","École normale supérieure de Rennes","Rouen, Normandy, France","dbcfbaa3327dd1b44b0744686e959e95","2016-2017","2017",TRUE,FALSE,FALSE,FALSE,FALSE,FALSE,FALSE,FALSE,FALSE,FALSE,FALSE,FALSE,FALSE,FALSE,FALSE,FALSE,FALSE,"Master Science Informatique, parcours recherche et innovation, Informatique","École normale supérieure de Rennes","Master"
"61","475d75132f2010c708185db8937fa4fb","PhD student at the Francis Crick Institute and Imperial College London","The Francis Crick Institute","United Kingdom","f6a372e5116ee83a9f2f9ef0ac48763a","2016/2017","2017",TRUE,TRUE,TRUE,TRUE,FALSE,FALSE,FALSE,FALSE,FALSE,FALSE,FALSE,FALSE,FALSE,FALSE,FALSE,FALSE,FALSE,"PhD in Systems Biology, Department of Mathematics","Imperial College London","PhD"
"62","0ea4c5f58629bf196272b82ce69fec02","Cyber Security Analyst chez Thales","Thales","Rennes, Bretagne, France","6e228036caee1c347df9303dbb926e7f","2005/2006","2006",TRUE,TRUE,TRUE,FALSE,FALSE,FALSE,FALSE,FALSE,FALSE,FALSE,FALSE,FALSE,FALSE,FALSE,FALSE,FALSE,FALSE,"PhD, Mathematics and Computer Science","Université Grenoble Alpes","PhD"
"63","0d721d51dc7ab6f4d4c221b3349010ea","Postdoctoral researcher | Project manager BIOSTABLE, Ghent University","Ghent University","Brussels Region, Belgium","18e4b593b27a4d73951af76b5300a5d0","2014/2015","2015",TRUE,TRUE,TRUE,TRUE,TRUE,FALSE,FALSE,FALSE,FALSE,FALSE,FALSE,FALSE,FALSE,FALSE,FALSE,FALSE,FALSE,"PhD, Bioscience Engineering","Ghent University","PhD"
"64","cfd4259f5aab8362dd3a359ccbd478ed","Founder and Principal Biomimicry/Circular Economy Expert at Wild Innovation Agency","Wild Innovation Agency","Grenoble, Auvergne-Rhône-Alpes, France","98ed9303544e3ee799939e8b37da7c59","2009/2010","2010",FALSE,FALSE,FALSE,FALSE,TRUE,FALSE,FALSE,FALSE,FALSE,FALSE,FALSE,FALSE,FALSE,FALSE,FALSE,FALSE,FALSE,"Bio-TRIZ certificate, TRIZ and Biomimicry","BioTRIZ","Other"
"65","cfd4259f5aab8362dd3a359ccbd478ed","Founder and Principal Biomimicry/Circular Economy Expert at Wild Innovation Agency","Wild Innovation Agency","Grenoble, Auvergne-Rhône-Alpes, France","98ed9303544e3ee799939e8b37da7c59","2009/2010","2010",FALSE,FALSE,FALSE,TRUE,FALSE,FALSE,FALSE,FALSE,FALSE,FALSE,FALSE,FALSE,FALSE,FALSE,FALSE,FALSE,FALSE,"Coaching Flow Training","Syncro-Synergy Croatia","Other"
"66","cfd4259f5aab8362dd3a359ccbd478ed","Founder and Principal Biomimicry/Circular Economy Expert at Wild Innovation Agency","Wild Innovation Agency","Grenoble, Auvergne-Rhône-Alpes, France","98ed9303544e3ee799939e8b37da7c59","2009/2010","2010",TRUE,TRUE,TRUE,FALSE,FALSE,FALSE,FALSE,FALSE,FALSE,FALSE,FALSE,FALSE,FALSE,FALSE,FALSE,FALSE,FALSE,"PhD","Universite PAris Descartes","PhD"
"67","8924ee064e59f4b22624eaec057bde37","Head of Lab at Institut Pasteur • Founder at Eligo Bioscience","Institut Pasteur","Greater Paris Metropolitan Region","759cbe02e9d72e574e4b4e60c24ebecd","2006/2007","2007",TRUE,TRUE,TRUE,FALSE,FALSE,FALSE,FALSE,FALSE,FALSE,FALSE,FALSE,FALSE,FALSE,FALSE,FALSE,FALSE,FALSE,"PhD, Genetics, Microbiolgy","Université Paris Cité","PhD"
"68","e212605fd2507af21fd085d0f5ce6db8","- en UNALM","UNALM","Peru","a45f6d9449202b623e70cabf3f77a0b0","2015/2016","2016",TRUE,TRUE,TRUE,TRUE,FALSE,FALSE,FALSE,FALSE,FALSE,FALSE,FALSE,FALSE,FALSE,FALSE,FALSE,FALSE,FALSE,"PhD","DTU - Technical University of Denmark","PhD"
"69","d99be03c2c4c33012fc141d6932c9bea","PhD student at Institut Curie","Institut Curie","Paris, Île-de-France, France","936172fbe15f5058d6a094a733c15c5c","2017/2018","2018",TRUE,TRUE,TRUE,FALSE,FALSE,FALSE,FALSE,FALSE,FALSE,FALSE,FALSE,FALSE,FALSE,FALSE,FALSE,FALSE,FALSE,"Doctor of Philosophy - PhD, Biophysics","Learning Planet Institute","PhD"
"70","8327762be8523bc56ff4f618a382e718","Governance head of product at Input Output (IOHK)","Input Output (IOHK)","Berkeley, California, United States","9df9320ae51351b954de6171bf42a7c7","2011/2012","2012",TRUE,TRUE,TRUE,TRUE,FALSE,FALSE,FALSE,FALSE,FALSE,FALSE,FALSE,FALSE,FALSE,FALSE,FALSE,FALSE,FALSE,"Doctor of Philosophy (Ph.D.), Social computing","Université Paris Cité","PhD"
"71","d500f8933cf68a60b2daf292f9c47742","Scientist I at Vaxcyte","Vaxcyte","Belmont, California, United States","b75ae55add22fcdac3f62d3f73dbd2c6","2012/2013","2013",TRUE,TRUE,TRUE,TRUE,TRUE,TRUE,TRUE,TRUE,FALSE,FALSE,FALSE,FALSE,FALSE,FALSE,FALSE,FALSE,FALSE,"Doctor of Philosophy - PhD, Biochemistry","University of Colorado Boulder","PhD"
"72","2589224839369cf4514522f23228594e","PhD, Stem cell scientist and Vaccinologist",NA,"Greater Montreal Metropolitan Area","a21d4556f547db465d31fb4b46f6f7ca","2011/2012","2012",TRUE,TRUE,TRUE,TRUE,TRUE,TRUE,TRUE,FALSE,FALSE,FALSE,FALSE,FALSE,FALSE,FALSE,FALSE,FALSE,FALSE,"Doctor of Philosophy (PhD), Immunology and Virology","Institut national de la recherche scientifique","PhD"
"73","2589224839369cf4514522f23228594e","PhD, Stem cell scientist and Vaccinologist",NA,"Greater Montreal Metropolitan Area","a21d4556f547db465d31fb4b46f6f7ca","2011/2012","2012",FALSE,FALSE,FALSE,FALSE,FALSE,TRUE,FALSE,FALSE,FALSE,FALSE,FALSE,FALSE,FALSE,FALSE,FALSE,FALSE,FALSE,"Certificate, Principles of Clinical Toxicology","American Association for Clinical Chemistry","Other"
"74","2589224839369cf4514522f23228594e","PhD, Stem cell scientist and Vaccinologist",NA,"Greater Montreal Metropolitan Area","a21d4556f547db465d31fb4b46f6f7ca","2011/2012","2012",FALSE,FALSE,FALSE,TRUE,FALSE,FALSE,FALSE,FALSE,FALSE,FALSE,FALSE,FALSE,FALSE,FALSE,FALSE,FALSE,FALSE,"Diploma, Vaccinology","Université Paris Cité","Other"
"75","cc32cf703b4a109b85566805cef7d92b","Science communicator","Association TRACES","Greater Paris Metropolitan Region","3f257ee2e09e38d8bcdfd400270c1edd","2016/2017","2017",TRUE,FALSE,FALSE,FALSE,FALSE,FALSE,FALSE,FALSE,FALSE,FALSE,FALSE,FALSE,FALSE,FALSE,FALSE,FALSE,FALSE,"Master 2 (M2), préparation à l'agrégation SV-STU","Université Paris-Saclay","Master"
"76","34dc2757f02022a84908ff36804edff9","Founder at iféa","iféa","Greater Paris Metropolitan Region","38c2d2cb761699f7a7c28185c145ccd8","2009/2010","2010",TRUE,FALSE,FALSE,FALSE,FALSE,FALSE,FALSE,FALSE,FALSE,FALSE,FALSE,FALSE,FALSE,FALSE,FALSE,FALSE,FALSE,"Doctor of Philosophy (PhD), Informatique","École normale supérieure de Lyon","PhD"
"77","34dc2757f02022a84908ff36804edff9","Founder at iféa","iféa","Greater Paris Metropolitan Region","38c2d2cb761699f7a7c28185c145ccd8","2009/2010","2010",TRUE,TRUE,TRUE,TRUE,FALSE,FALSE,FALSE,FALSE,FALSE,FALSE,FALSE,FALSE,FALSE,FALSE,FALSE,FALSE,FALSE,"PhD, Computer science","Pierre and Marie Curie University","PhD"
"78","804bab8ab5ec5031fdba9bfecaffad25","PhD Candidate at Participatory Memory Practices (POEM) Network","POEM - H2020 Project","United Kingdom","7a1d5d814fab34817488137e022f08f7","2017-2018","2018",TRUE,TRUE,TRUE,FALSE,FALSE,FALSE,FALSE,FALSE,FALSE,FALSE,FALSE,FALSE,FALSE,FALSE,FALSE,FALSE,FALSE,"Doctor of Philosophy - PhD, Cultural Anthropology","University of Hamburg","PhD"
"79","f572d0f8c7c090b2241d49cbc3e6cf1f","Associate at McKinsey & Company","McKinsey & Company","New York, New York, États-Unis","e43300c597fc16b56f20f23fbacb5f40","2013/2014","2014",TRUE,TRUE,TRUE,TRUE,TRUE,FALSE,FALSE,FALSE,FALSE,FALSE,FALSE,FALSE,FALSE,FALSE,FALSE,FALSE,FALSE,"Doctor of Philosophy (PhD), Neuroscience","New York University","PhD"
"80","dd63f1106456c1d04a783bf367864423","FOUNDER at CHARIS KIDDIE CARE FOUNDATION","MINISTERE DE L'EDUCATION NATIONALE ET DE LA JEUNESSE, Academie de Versaille","France","0cd5a568860cb6d416ebfc2c27695834","2018-2019","2019",TRUE,FALSE,FALSE,FALSE,FALSE,FALSE,FALSE,FALSE,FALSE,FALSE,FALSE,FALSE,FALSE,FALSE,FALSE,FALSE,FALSE,"Graduate certificate , International Baccalaureate in teaching and learning","Bethel University","Other"
"81","40de07d8d5538b0f1e737401c406cabf","Freelance Data Science – Bioinformatics chez Ernest Mordret Digital Solutions","Ernest Mordret Digital Solutions","Greater Paris Metropolitan Region","73d22acf83dcd5ef427d90e93a4a14b6","2011/2012","2012",TRUE,TRUE,TRUE,TRUE,TRUE,FALSE,FALSE,FALSE,FALSE,FALSE,FALSE,FALSE,FALSE,FALSE,FALSE,FALSE,FALSE,"PhD, Computational Biology","Université Paris Cité","PhD"
"82","50b698ec8d568e53d0fd29096805968c","Fellow in medical genetics (M.D.) | Instructionnal designer (M. Ed. Sc) | Curious Passionate by EdTech and medical education","Lyon University Hospital","Lyon, Auvergne-Rhône-Alpes, France","9551622566822984d028b3e9903fd0dd","2019-2020","2020",TRUE,FALSE,FALSE,FALSE,FALSE,FALSE,FALSE,FALSE,FALSE,FALSE,FALSE,FALSE,FALSE,FALSE,FALSE,FALSE,FALSE,"DES de Génétique médicale, Génétique humaine / médicale","Université de Reims Champagne-Ardenne","PhD"
"83","b6ac3d1d7ee798926e64598286f0a77a","A étudié à : Université René Descartes (Paris V) AP-HP","CHRU de Strasbourg - Hôpitaux Universitaires de Strasbourg","Paris, Île-de-France, France","165bcffdd4ef06e960b3cdab51d219d5","2015/2016","2016",TRUE,FALSE,FALSE,FALSE,FALSE,FALSE,FALSE,FALSE,FALSE,FALSE,FALSE,FALSE,FALSE,FALSE,FALSE,FALSE,FALSE,"Bachelor of Pharmacy (B.Pharm.), Pharmacie","Université Paris Cité","Other"
"84","40eebd3a599be1380ab963e0f6dd4c23","chef des innovations chez The Janssen Pharmaceutical Companies of Johnson & Johnson","The Janssen Pharmaceutical Companies of Johnson & Johnson","Spain","127b41e7dfa6a5c8cd78307966bb00f8","2007/2008","2008",TRUE,TRUE,TRUE,FALSE,FALSE,FALSE,FALSE,FALSE,FALSE,FALSE,FALSE,FALSE,FALSE,FALSE,FALSE,FALSE,FALSE,"Doctor of Philosophy (PhD), Études pluridisciplinaires / interdisciplinaires","Université Paris Cité","PhD"
"85","f0571603a78d572d5220ab737c033d93","HR Development & Talent Management - Innovative Educator (EdTech) | MBA","NATO","Brussels, Brussels Region, Belgium","949fc1f08b866203afdca45b454208e7","2018-2019","2019",TRUE,TRUE,FALSE,FALSE,FALSE,FALSE,FALSE,FALSE,FALSE,FALSE,FALSE,FALSE,FALSE,FALSE,FALSE,FALSE,FALSE,"Master of Business Administration - MBA","University of Thessaly","Master"
"86","f0571603a78d572d5220ab737c033d93","HR Development & Talent Management - Innovative Educator (EdTech) | MBA","NATO","Brussels, Brussels Region, Belgium","949fc1f08b866203afdca45b454208e7","2018-2019","2019",TRUE,FALSE,FALSE,FALSE,FALSE,FALSE,FALSE,FALSE,FALSE,FALSE,FALSE,FALSE,FALSE,FALSE,FALSE,FALSE,FALSE,"FEAA UVT IHRM School 2020, International Human Resources Management","Faculty of Economics and Business Administration Timisoara","Other"
"87","3302e296fb4473d503b30128fb9b7322","Investment manager at Andera Life Sciences venture capital fund.","Andera Partners","Paris, Île-de-France, France","4953e2c3536d447d8c191a45b3a76937","2010/2011","2011",TRUE,TRUE,TRUE,TRUE,FALSE,FALSE,FALSE,FALSE,FALSE,FALSE,FALSE,FALSE,FALSE,FALSE,FALSE,FALSE,FALSE,"Doctor of Science (PhD), Neuroscience","École Polytechnique","PhD"
"88","080802653c455fc3e7d8e563eb53aa55","Associate Director Data Science at Novartis Institutes for BioMedical Research (NIBR)","Novartis Institutes for BioMedical Research (NIBR)","Basel, Basel, Switzerland","029e46eb34b629329d3c9814329f6123","2004/2005","2005",TRUE,TRUE,TRUE,FALSE,FALSE,FALSE,FALSE,FALSE,FALSE,FALSE,FALSE,FALSE,FALSE,FALSE,FALSE,FALSE,FALSE,"PhD, Chemistry","University of Cambridge","PhD"
"89","33dd6152dd18f8d9234750e4fd1e58cb","Postdoctoral research assistant at University of Reading","University of Reading","United Kingdom","180699b34ebb2d46cf0079e5f4404974","2013/2014","2014",TRUE,FALSE,FALSE,FALSE,FALSE,FALSE,FALSE,FALSE,FALSE,FALSE,FALSE,FALSE,FALSE,FALSE,FALSE,FALSE,FALSE,"Master 2 (M2), Sciences cognitives","Université Paris Cité","Master"
"90","33dd6152dd18f8d9234750e4fd1e58cb","Postdoctoral research assistant at University of Reading","University of Reading","United Kingdom","180699b34ebb2d46cf0079e5f4404974","2013/2014","2014",TRUE,FALSE,FALSE,FALSE,FALSE,FALSE,FALSE,FALSE,FALSE,FALSE,FALSE,FALSE,FALSE,FALSE,FALSE,FALSE,FALSE,"SMART COMPOSES Summer School on Computational Social and Behavioral Sciences","SMART Labex Human/Machine Interactions in the Digital Society","Other"
"91","33dd6152dd18f8d9234750e4fd1e58cb","Postdoctoral research assistant at University of Reading","University of Reading","United Kingdom","180699b34ebb2d46cf0079e5f4404974","2013/2014","2014",FALSE,TRUE,FALSE,FALSE,FALSE,FALSE,FALSE,FALSE,FALSE,FALSE,FALSE,FALSE,FALSE,FALSE,FALSE,FALSE,FALSE,"OIST Computational Neuroscience Course","Okinawa Institute of Science and Technology","Other"
"92","f62dfba3a64096926fce0dfef21610b0","Chargé de recherche, Inserm","Inserm","Greater Paris Metropolitan Region","7a2ac5a20cfaee228f929ff452712ee3","2007/2008","2008",TRUE,TRUE,TRUE,TRUE,TRUE,FALSE,FALSE,FALSE,FALSE,FALSE,FALSE,FALSE,FALSE,FALSE,FALSE,FALSE,FALSE,"Doctorat, Écologie et biologie évolutive","Pierre and Marie Curie University","PhD"
"93","f62dfba3a64096926fce0dfef21610b0","Chargé de recherche, Inserm","Inserm","Greater Paris Metropolitan Region","7a2ac5a20cfaee228f929ff452712ee3","2007/2008","2008",TRUE,FALSE,FALSE,FALSE,FALSE,FALSE,FALSE,FALSE,FALSE,FALSE,FALSE,FALSE,FALSE,FALSE,FALSE,FALSE,FALSE,"Licence, Master, Biologie","Ecole normale supérieure","Master"
"94","432c648d0ecdb9fc6e483bcdbb9ab40f","EU-FORA Fellow chez European Food Safety Authority (EFSA)","European Food Safety Authority (EFSA)","Paris, Île-de-France, France","d41216676794e4369855137c5173277d","2013/2014","2014",FALSE,TRUE,TRUE,FALSE,FALSE,FALSE,FALSE,FALSE,FALSE,FALSE,FALSE,FALSE,FALSE,FALSE,FALSE,FALSE,FALSE,"University Degree , Environmental Medicine","Faculté de Médecine de Nice","Other"
"95","d0855195cfd0163a08524cbd942c9804","Chargée de la médiation numérique","Ville de Massy","Greater Paris Metropolitan Region","9c9b8223619f354cd2a421bec9aebad6","2018-2019","2019",TRUE,FALSE,FALSE,FALSE,FALSE,FALSE,FALSE,FALSE,FALSE,FALSE,FALSE,FALSE,FALSE,FALSE,FALSE,FALSE,FALSE,"master, Sciences du jeu","Université Sorbonne Paris Nord","Master"
"96","8011b850344dc43675e2da8e6d4f1545","Postdoctoral Research Fellow at Massachusetts Institute of Technology (Prof Roger D Kamm's lab)","Massachusetts Institute of Technology","Cambridge, Massachusetts, United States","494c8f3a00b2c49e5913c7cd349cd208","2015/2016","2016",TRUE,TRUE,TRUE,FALSE,FALSE,FALSE,FALSE,FALSE,FALSE,FALSE,FALSE,FALSE,FALSE,FALSE,FALSE,FALSE,FALSE,"Doctor of Philosophy (PhD)","Université Grenoble Alpes","PhD"
"97","39da3e9a34d9d1027d7872e20c5ac2db","Research Scientist at Matís ohf/Icelandic Food and Biotech Company","Matís ohf/Icelandic Food and Biotech Company","Iceland","389db0fe98e9af9191b3a7da0c7ad315","2009/2010","2010",TRUE,TRUE,TRUE,TRUE,TRUE,FALSE,FALSE,FALSE,FALSE,FALSE,FALSE,FALSE,FALSE,FALSE,FALSE,FALSE,FALSE,"Doctor of Philosophy (Ph.D.), Marine Biology and Biological Oceanography","Pierre and Marie Curie University","PhD"
"98","acfae43b4ad0b9e4829c3362266fbcc3","PhD & MBA | Researcher in immuno-oncology at Mount Sinai Hospital","The Mount Sinai Hospital","New York, New York, United States","fcd5d9ee04a11ea4f0d05dfea3ce297e","2015/2016","2016",FALSE,TRUE,TRUE,TRUE,TRUE,FALSE,FALSE,FALSE,FALSE,FALSE,FALSE,FALSE,FALSE,FALSE,FALSE,FALSE,FALSE,"Doctor of Philosophy - PhD, Immunology","Université Paris-Saclay","PhD"
"99","acfae43b4ad0b9e4829c3362266fbcc3","PhD & MBA | Researcher in immuno-oncology at Mount Sinai Hospital","The Mount Sinai Hospital","New York, New York, United States","fcd5d9ee04a11ea4f0d05dfea3ce297e","2015/2016","2016",TRUE,TRUE,FALSE,FALSE,FALSE,FALSE,FALSE,FALSE,FALSE,FALSE,FALSE,FALSE,FALSE,FALSE,FALSE,FALSE,FALSE,"Master of Business Administration - MBA","Collège des Ingénieurs","Master"
"100","acfae43b4ad0b9e4829c3362266fbcc3","PhD & MBA | Researcher in immuno-oncology at Mount Sinai Hospital","The Mount Sinai Hospital","New York, New York, United States","fcd5d9ee04a11ea4f0d05dfea3ce297e","2015/2016","2016",TRUE,FALSE,FALSE,FALSE,FALSE,FALSE,FALSE,FALSE,FALSE,FALSE,FALSE,FALSE,FALSE,FALSE,FALSE,FALSE,FALSE,"Master's degree, Genetics","Université Paris Cité","Master"
"101","acfae43b4ad0b9e4829c3362266fbcc3","PhD & MBA | Researcher in immuno-oncology at Mount Sinai Hospital","The Mount Sinai Hospital","New York, New York, United States","fcd5d9ee04a11ea4f0d05dfea3ce297e","2015/2016","2016",TRUE,FALSE,FALSE,FALSE,FALSE,FALSE,FALSE,FALSE,FALSE,FALSE,FALSE,FALSE,FALSE,FALSE,FALSE,FALSE,FALSE,"Master of Engineering (M.Eng.)","AgroParisTech","Master"
"102","5a79ba292c768b192411572d0a9948ea","PhD Candidate at the Translational Synthetic Biology group at Universidad Pompeu Fabra","Celera","Zaragoza, Aragon, Spain","c950cb0e2f1ecd6d5820aefbf06244d4","2018-2019","2019",TRUE,TRUE,TRUE,TRUE,TRUE,FALSE,FALSE,FALSE,FALSE,FALSE,FALSE,FALSE,FALSE,FALSE,FALSE,FALSE,FALSE,"PhD in Biomedicine, Synthetic Biology","Universitat Pompeu Fabra","PhD"
"103","f92e8d99ca954377967fc39d83359e59","PhD student in Epidemiology chez HESAM Université","HESAM Université","Paris, Île-de-France, France","35b943afacd2b0d5770eec11ef3705b2","2017/2018","2018",TRUE,FALSE,FALSE,FALSE,FALSE,FALSE,FALSE,FALSE,FALSE,FALSE,FALSE,FALSE,FALSE,FALSE,FALSE,FALSE,FALSE,"Specialized Master in Public Health - Institut Pasteur/CNAM","Conservatoire National des Arts et Métiers","Master"
"104","870ab6a4f4dc5f5a4949ca1017e71dbc","网易有道 - Elearning Management Trainee","网易有道","Haidian District, Beijing, China","da0744869c866c4dc3c3988c46535585","2017-2018","2018",TRUE,FALSE,FALSE,FALSE,FALSE,FALSE,FALSE,FALSE,FALSE,FALSE,FALSE,FALSE,FALSE,FALSE,FALSE,FALSE,FALSE,"硕士, Data Science and Information Technology","Tsinghua University","Other"
"105","e93dc8fb71e546f94cb82d32f50dbb10","Industry-sponsored Postdoctoral Researcher (Detect/4Catalyzer) at ESPCI Paris - PSL","ESPCI Paris - PSL","Greater Paris Metropolitan Region","254aef0d0483ef9554b9f96a7613b8e7","2013/2014","2014",TRUE,TRUE,TRUE,TRUE,FALSE,FALSE,FALSE,FALSE,FALSE,FALSE,FALSE,FALSE,FALSE,FALSE,FALSE,FALSE,FALSE,"PhD, Evolutionary Systems Biology","Université Paris Diderot - Center for Research and Interdisciplinarity","PhD"
"106","9e5b63259ee51fe2262390cb1782eccc","Rules, Roles, Levels and Patterns","Canada Post / Postes Canada","Markham, Ontario, Canada","f3b0784b78fed2ea58022880563e6095","2010/2011","2011",FALSE,FALSE,FALSE,FALSE,FALSE,FALSE,FALSE,TRUE,TRUE,TRUE,FALSE,FALSE,FALSE,FALSE,FALSE,FALSE,FALSE,"Advanced Diploma, Ingénierie aérospatiale, aéronautique et astronautique","Centennial College","Master"
"107","090af5b3cd8eaa0b1d386c81b2970133","Neuroscience & Nanotechnology","Suzhou Institute of Biomedical Engineering and Technology","Suzhou, Jiangsu, China","a569cd4ffafe943aa58a27d8b2a637cc","2006/2007","2007",TRUE,TRUE,TRUE,TRUE,FALSE,FALSE,FALSE,FALSE,FALSE,FALSE,FALSE,FALSE,FALSE,FALSE,FALSE,FALSE,FALSE,"Doctor of Philosophy (Ph.D.), Neuroscience","Technical University of Munich","PhD"
"108","aa99691fddc3edcae8352163715a1fad","--","Institut Pasteur & Université Pierre et Marie Curie - Paris 6","Taiwan","7a765fc24745f8631b6406ceaecea286","2004/2005","2005",TRUE,TRUE,TRUE,TRUE,FALSE,FALSE,FALSE,FALSE,FALSE,FALSE,FALSE,FALSE,FALSE,FALSE,FALSE,FALSE,FALSE,"Doctor of Philosophy - PhD, Immunology","Institut Pasteur & Université Pierre et Marie Curie - Paris 6","PhD"
"109","109777c5f6f73cdf3dbb10508c0b35f3","Resident at APHP","Université Paris Descartes","Greater Paris Metropolitan Region","365f634cb9c3b05fe4d30c9ad700f883","2018-2019","2019",TRUE,TRUE,TRUE,FALSE,FALSE,FALSE,FALSE,FALSE,FALSE,FALSE,FALSE,FALSE,FALSE,FALSE,FALSE,FALSE,FALSE,"Doctor of Medicine - MD, Radiology","Université Paris Cité","PhD"
"110","d1221af3307cb7d793c358e368b92b5a","Conseiller de la Rectrice - Responsable du Casnav de l'académie d'Orléans-Tours Inspecteur d'académie - Inspecteur pédagogique régional en lettres","Académie d'Orléans-Tours","Bourges, Centre-Val de Loire, France","6d0a02b33516ea58ed3d128900f7f2bf","2015-2016","2016",TRUE,FALSE,FALSE,FALSE,FALSE,FALSE,FALSE,FALSE,FALSE,FALSE,FALSE,FALSE,FALSE,FALSE,FALSE,FALSE,FALSE,"Master 1, Pratique et ingénierie de la formation","ESPE Centre Val de Loire","Master"
"111","d1221af3307cb7d793c358e368b92b5a","Conseiller de la Rectrice - Responsable du Casnav de l'académie d'Orléans-Tours Inspecteur d'académie - Inspecteur pédagogique régional en lettres","Académie d'Orléans-Tours","Bourges, Centre-Val de Loire, France","6d0a02b33516ea58ed3d128900f7f2bf","2015-2016","2016",TRUE,FALSE,FALSE,FALSE,FALSE,FALSE,FALSE,FALSE,FALSE,FALSE,FALSE,FALSE,FALSE,FALSE,FALSE,FALSE,FALSE,"Master 2 (M2), Genèse de l'Europe moderne","Université de Tours","Master"
"112","670e7fac9076159a4a1b9fd711e53052","Entrepreneur, Speaker & Author Chairman & Founder, Bioniria Foundation","UNESCO-UniTwin","Greater Paris Metropolitan Region","229e2d1882d5dd7bfc7e7379620ff682","2008/2009","2009",TRUE,FALSE,FALSE,FALSE,FALSE,FALSE,FALSE,FALSE,FALSE,FALSE,FALSE,FALSE,FALSE,FALSE,FALSE,FALSE,FALSE,"PMS Etat-Major, Reserve Officer - French Navy","Ecole Militaire","Other"
"113","670e7fac9076159a4a1b9fd711e53052","Entrepreneur, Speaker & Author Chairman & Founder, Bioniria Foundation","UNESCO-UniTwin","Greater Paris Metropolitan Region","229e2d1882d5dd7bfc7e7379620ff682","2008/2009","2009",TRUE,TRUE,TRUE,TRUE,FALSE,FALSE,FALSE,FALSE,FALSE,FALSE,FALSE,FALSE,FALSE,FALSE,FALSE,FALSE,FALSE,"Doctor of Philosophy (Ph.D.), Diplomacy & Geopolitics","Centre d'Etudes Diplomatiques et Stratégiques","PhD"
"114","670e7fac9076159a4a1b9fd711e53052","Entrepreneur, Speaker & Author Chairman & Founder, Bioniria Foundation","UNESCO-UniTwin","Greater Paris Metropolitan Region","229e2d1882d5dd7bfc7e7379620ff682","2008/2009","2009",TRUE,TRUE,TRUE,TRUE,TRUE,FALSE,FALSE,FALSE,FALSE,FALSE,FALSE,FALSE,FALSE,FALSE,FALSE,FALSE,FALSE,"Ph.D, Comparative Literature & Mediterranean studies","University of Strasbourg","PhD"
"115","670e7fac9076159a4a1b9fd711e53052","Entrepreneur, Speaker & Author Chairman & Founder, Bioniria Foundation","UNESCO-UniTwin","Greater Paris Metropolitan Region","229e2d1882d5dd7bfc7e7379620ff682","2008/2009","2009",FALSE,FALSE,TRUE,TRUE,TRUE,TRUE,TRUE,FALSE,FALSE,FALSE,FALSE,FALSE,FALSE,FALSE,FALSE,FALSE,FALSE,"Ph.D, Applied Cognitive Neurosciences (Neuroergonomics) and Knowledge Economy","École Polytechnique","PhD"
"116","9056081a0f65c9442cddc390e3ec40f1","Researcher, Consultant & Entrepreneur","PSL Research University","Paris, Île-de-France, France","6d6ec028b785b663efb4f7e16dd284a1","2015/2016","2016",TRUE,TRUE,TRUE,TRUE,TRUE,FALSE,FALSE,FALSE,FALSE,FALSE,FALSE,FALSE,FALSE,FALSE,FALSE,FALSE,FALSE,"Doctor of Philosophy - PhD, Genetics, Biophysics, Systems Biology, Synthetic Biology","PSL Research University","PhD"
"117","29b4acf3fbadddeacca467ea032567ad","Research scientist | Bioengineering | Interdisciplinary Life Science","Université de Paris","France","3d7d775e25b0300fe87e174115b862f5","2011/2012","2012",TRUE,TRUE,TRUE,TRUE,FALSE,FALSE,FALSE,FALSE,FALSE,FALSE,FALSE,FALSE,FALSE,FALSE,FALSE,FALSE,FALSE,"Doctor of Philosophy (Ph.D.), Biophysics | Nanomedicine for Cancer Research","Université Paris Cité","PhD"
"118","c7d573815e440aa96b36853bf95b0fb8","Auditeur Sécurité Offensive chez Zenika","Zenika","Clamart, Île-de-France, France","f5aa911f1c7750b18e0f741aff7371bc","2015/2016","2016",FALSE,TRUE,TRUE,TRUE,FALSE,FALSE,FALSE,FALSE,FALSE,FALSE,FALSE,FALSE,FALSE,FALSE,FALSE,FALSE,FALSE,"Master, Sécurité / sûreté de l''information des systèmes informatiques","ESGI","Master"
"119","c7d573815e440aa96b36853bf95b0fb8","Auditeur Sécurité Offensive chez Zenika","Zenika","Clamart, Île-de-France, France","f5aa911f1c7750b18e0f741aff7371bc","2015/2016","2016",TRUE,TRUE,FALSE,FALSE,FALSE,FALSE,FALSE,FALSE,FALSE,FALSE,FALSE,FALSE,FALSE,FALSE,FALSE,FALSE,FALSE,"Bachelor's degree, Securité informatique","ESGI","Other"
"120","c7d573815e440aa96b36853bf95b0fb8","Auditeur Sécurité Offensive chez Zenika","Zenika","Clamart, Île-de-France, France","f5aa911f1c7750b18e0f741aff7371bc","2015/2016","2016",FALSE,TRUE,TRUE,TRUE,FALSE,FALSE,FALSE,FALSE,FALSE,FALSE,FALSE,FALSE,FALSE,FALSE,FALSE,FALSE,FALSE,"Master, Sécurité / sûreté de l''information des systèmes informatiques","ESGI","Master"
"121","c7d573815e440aa96b36853bf95b0fb8","Auditeur Sécurité Offensive chez Zenika","Zenika","Clamart, Île-de-France, France","f5aa911f1c7750b18e0f741aff7371bc","2015/2016","2016",TRUE,TRUE,FALSE,FALSE,FALSE,FALSE,FALSE,FALSE,FALSE,FALSE,FALSE,FALSE,FALSE,FALSE,FALSE,FALSE,FALSE,"Bachelor's degree, Securité informatique","ESGI","Other"
"122","c7d573815e440aa96b36853bf95b0fb8","Auditeur Sécurité Offensive chez Zenika","Zenika","Clamart, Île-de-France, France","f5aa911f1c7750b18e0f741aff7371bc","2015/2016","2016",FALSE,TRUE,TRUE,TRUE,FALSE,FALSE,FALSE,FALSE,FALSE,FALSE,FALSE,FALSE,FALSE,FALSE,FALSE,FALSE,FALSE,"Master, Sécurité / sûreté de l''information des systèmes informatiques","ESGI","Master"
"123","c7d573815e440aa96b36853bf95b0fb8","Auditeur Sécurité Offensive chez Zenika","Zenika","Clamart, Île-de-France, France","f5aa911f1c7750b18e0f741aff7371bc","2015/2016","2016",TRUE,TRUE,FALSE,FALSE,FALSE,FALSE,FALSE,FALSE,FALSE,FALSE,FALSE,FALSE,FALSE,FALSE,FALSE,FALSE,FALSE,"Bachelor's degree, Securité informatique","ESGI","Other"
"124","c7d573815e440aa96b36853bf95b0fb8","Auditeur Sécurité Offensive chez Zenika","Zenika","Clamart, Île-de-France, France","f5aa911f1c7750b18e0f741aff7371bc","2015/2016","2016",FALSE,TRUE,TRUE,TRUE,FALSE,FALSE,FALSE,FALSE,FALSE,FALSE,FALSE,FALSE,FALSE,FALSE,FALSE,FALSE,FALSE,"Master, Sécurité / sûreté de l''information des systèmes informatiques","ESGI","Master"
"125","c7d573815e440aa96b36853bf95b0fb8","Auditeur Sécurité Offensive chez Zenika","Zenika","Clamart, Île-de-France, France","f5aa911f1c7750b18e0f741aff7371bc","2015/2016","2016",TRUE,TRUE,FALSE,FALSE,FALSE,FALSE,FALSE,FALSE,FALSE,FALSE,FALSE,FALSE,FALSE,FALSE,FALSE,FALSE,FALSE,"Bachelor's degree, Securité informatique","ESGI","Other"
"126","b8f9581678d272815a2514d3745cb87c","Junior physician in general medicine, APHP, Paris, France","Centre du sommeil de l'Hôtel-Dieu APHP","Greater Paris Metropolitan Region","87058473439d89d84e89ec33c32d0f7e","2012/2013","2013",FALSE,TRUE,TRUE,TRUE,TRUE,TRUE,FALSE,FALSE,FALSE,FALSE,FALSE,FALSE,FALSE,FALSE,FALSE,FALSE,FALSE,"DFASM, Médecine","Université Paris Cité","PhD"
"127","b8f9581678d272815a2514d3745cb87c","Junior physician in general medicine, APHP, Paris, France","Centre du sommeil de l'Hôtel-Dieu APHP","Greater Paris Metropolitan Region","87058473439d89d84e89ec33c32d0f7e","2012/2013","2013",TRUE,TRUE,FALSE,FALSE,FALSE,FALSE,FALSE,FALSE,FALSE,FALSE,FALSE,FALSE,FALSE,FALSE,FALSE,FALSE,FALSE,"Master 2 (M2), Recherche interdisciplinaire","Learning Planet Institute","Master"
"128","c70514d54b8cccd5c71292ba477a65cc","Postdoctoral Researcher in Stem Cells and Developmental Biology - NC3Rs Fellow","King's College London","London Area, United Kingdom","0e3d29c4a7d3b37c304f692f6e29fc1d","2014/2015","2015",TRUE,TRUE,TRUE,TRUE,FALSE,FALSE,FALSE,FALSE,FALSE,FALSE,FALSE,FALSE,FALSE,FALSE,FALSE,FALSE,FALSE,"Doctorat , Biologie du développement","Sorbonne University","PhD"
"129","c70514d54b8cccd5c71292ba477a65cc","Postdoctoral Researcher in Stem Cells and Developmental Biology - NC3Rs Fellow","King's College London","London Area, United Kingdom","0e3d29c4a7d3b37c304f692f6e29fc1d","2014/2015","2015",FALSE,TRUE,FALSE,FALSE,FALSE,FALSE,FALSE,FALSE,FALSE,FALSE,FALSE,FALSE,FALSE,FALSE,FALSE,FALSE,FALSE,"DUGBM -Valorisation de la recherche et de l'innovation biomédicale","Pierre and Marie Curie University","Other"
"130","b94c0218624e3407efe07d1eb5749c21","Associate Professor, Sciences Po Paris","Sciences Po","Greater Paris Metropolitan Region","6ca286437476c76b10b745b14dc81a40","2004/2005","2005",TRUE,TRUE,TRUE,TRUE,FALSE,FALSE,FALSE,FALSE,FALSE,FALSE,FALSE,FALSE,FALSE,FALSE,FALSE,FALSE,FALSE,"PhD, SHS","École Polytechnique","PhD"
"131","0064692b7bc52326414c8f9c2bfe0445","PostDoc @Western and @UQuebec, Ph.D. @Charité, M.Sc. @ENS Paris","Western University","Canada","0e441c5d6b277f022ccbf9ad16ee2043","2013/2014","2014",FALSE,TRUE,TRUE,TRUE,TRUE,FALSE,FALSE,FALSE,FALSE,FALSE,FALSE,FALSE,FALSE,FALSE,FALSE,FALSE,FALSE,"Doctor of Philosophy - PhD, Medical Neuroscience","Charité – Universitätsmedizin Berlin","PhD"
"132","0064692b7bc52326414c8f9c2bfe0445","PostDoc @Western and @UQuebec, Ph.D. @Charité, M.Sc. @ENS Paris","Western University","Canada","0e441c5d6b277f022ccbf9ad16ee2043","2013/2014","2014",TRUE,FALSE,FALSE,FALSE,FALSE,FALSE,FALSE,FALSE,FALSE,FALSE,FALSE,FALSE,FALSE,FALSE,FALSE,FALSE,FALSE,"Master's Degree, Cognitive Science - Computational Neuroscience","Ecole normale supérieure","Master"
"133","0e02aad183f5c41a2bc00f927fa4978f","Trainee Patent Attorney, PhD","NLO | European patent and trademark attorneys","Ghent, Flemish Region, Belgium","830a36e6012fa156f9733e184683645c","2011/2012","2012",FALSE,FALSE,FALSE,FALSE,FALSE,FALSE,FALSE,FALSE,TRUE,FALSE,FALSE,FALSE,FALSE,FALSE,FALSE,FALSE,FALSE,"Basic training in European Patent Law 1st year","Center for International Intellectual Property Studies - CEIPI","Other"
"134","0e02aad183f5c41a2bc00f927fa4978f","Trainee Patent Attorney, PhD","NLO | European patent and trademark attorneys","Ghent, Flemish Region, Belgium","830a36e6012fa156f9733e184683645c","2011/2012","2012",TRUE,TRUE,TRUE,TRUE,FALSE,FALSE,FALSE,FALSE,FALSE,FALSE,FALSE,FALSE,FALSE,FALSE,FALSE,FALSE,FALSE,"PhD degree, Acute Myelocytic Leukemia, Autophagy","University of Bern","PhD"
"135","5acb4076687d7c40d4a4d7b50dadc1ec","PhD","Polytechnique Montréal","Montreal, Quebec, Canada","153e2149b0329b827263fe24c7841892","2013/2014","2014",TRUE,TRUE,TRUE,TRUE,TRUE,FALSE,FALSE,FALSE,FALSE,FALSE,FALSE,FALSE,FALSE,FALSE,FALSE,FALSE,FALSE,"Doctor of Philosophy - PhD, Biologie, Informatique","École Polytechnique","PhD"
"136","5acb4076687d7c40d4a4d7b50dadc1ec","PhD","Polytechnique Montréal","Montreal, Quebec, Canada","153e2149b0329b827263fe24c7841892","2013/2014","2014",TRUE,TRUE,TRUE,TRUE,TRUE,FALSE,FALSE,FALSE,FALSE,FALSE,FALSE,FALSE,FALSE,FALSE,FALSE,FALSE,FALSE,"Doctor of Philosophy - PhD, Biologie / Informatique","Université Paris-Saclay - Ecole Polytechnique","PhD"
"137","28de5f129d125f5394a4a19b8eac4917","Postdoctoral Research Associate at Leibniz Institute DSMZ – German Collection of Microorganisms and Cell Cultures","Leibniz Institute DSMZ – German Collection of Microorganisms and Cell Cultures","Brunswick, Lower Saxony, Germany","b81224cabf8a5476f2feb1db45b1bc12","2015/2016","2016",TRUE,TRUE,TRUE,TRUE,FALSE,FALSE,FALSE,FALSE,FALSE,FALSE,FALSE,FALSE,FALSE,FALSE,FALSE,FALSE,FALSE,"PhD","Université Paris Cité","PhD"
"138","570d7925aee2b2f111e3cb3be7d0c5b8","Medical Student at NYU School of Medicine","NYU School of Medicine, Sackler Institute of Graduate Biomedical Sciences","Wyncote, Pennsylvania, United States","db6d1ca93b9fb3c54a8168aaa3ebd46b","2012/2013","2013",TRUE,TRUE,TRUE,TRUE,TRUE,FALSE,FALSE,FALSE,FALSE,FALSE,FALSE,FALSE,FALSE,FALSE,FALSE,FALSE,FALSE,"Cell and Molecular Biology PhD, Gene Therapy and Vaccines","University of Pennsylvania","PhD"
"139","8d2b1f000750421ac125485db36ee13c","Marketing Director - Pharmaceutical excipients and Vaccine adjuvants chez SEPPIC","SEPPIC","Greater Paris Metropolitan Region","fbcfcf324a53dc8e879352239754d2db","2005/2006","2006",FALSE,FALSE,FALSE,TRUE,TRUE,FALSE,FALSE,FALSE,FALSE,FALSE,FALSE,FALSE,FALSE,FALSE,FALSE,FALSE,FALSE,"MBA, Management","Collège des Ingénieurs","Master"
"140","8d2b1f000750421ac125485db36ee13c","Marketing Director - Pharmaceutical excipients and Vaccine adjuvants chez SEPPIC","SEPPIC","Greater Paris Metropolitan Region","fbcfcf324a53dc8e879352239754d2db","2005/2006","2006",TRUE,TRUE,TRUE,FALSE,FALSE,FALSE,FALSE,FALSE,FALSE,FALSE,FALSE,FALSE,FALSE,FALSE,FALSE,FALSE,FALSE,"PhD, Biophysics","Pierre and Marie Curie University","PhD"
"141","5fb2bb422dae1569a3f0bf0cade14e9d","Chargée du projet Tchat chez En avant toute(s)","En avant toute(s)","Paris, Île-de-France, France","7da5346fddb80b1c7be16235c7a1ebd8","2019-2020","2020",TRUE,FALSE,FALSE,FALSE,FALSE,FALSE,FALSE,FALSE,FALSE,FALSE,FALSE,FALSE,FALSE,FALSE,FALSE,FALSE,FALSE,"Master's degree, Learning Sciences","Learning Planet Institute","Master"
"142","f8eb29c1caa65bdfca2f452bbc72c2a8","Postdoc","CNRS - Centre national de la recherche scientifique","Massy, Île-de-France, France","d457a0d6549cef105ac0120e5c2df450","2015/2016","2016",TRUE,TRUE,TRUE,FALSE,FALSE,FALSE,FALSE,FALSE,FALSE,FALSE,FALSE,FALSE,FALSE,FALSE,FALSE,FALSE,FALSE,"Thèse de doctorat (http://www.theses.fr/2019PSLET010), Physique","ESPCI Paris - PSL","PhD"
"143","f8eb29c1caa65bdfca2f452bbc72c2a8","Postdoc","CNRS - Centre national de la recherche scientifique","Massy, Île-de-France, France","d457a0d6549cef105ac0120e5c2df450","2015/2016","2016",TRUE,TRUE,TRUE,FALSE,FALSE,FALSE,FALSE,FALSE,FALSE,FALSE,FALSE,FALSE,FALSE,FALSE,FALSE,FALSE,FALSE,"Doctorat, Matière condensée et physique des matériaux","ESPCI Paris - PSL","PhD"
"144","65c7c47e4d65a1ab2eb9fce013f42622","PHD Candidate at Centre de Recherches et de Ressources en Education et Formation (CRREF)","Centre de Recherches et de Ressources en Education et Formation (CRREF)","French-Guadeloupe","9ec53725de6307144713cd65bb31d7ef","2016-2017","2017",TRUE,TRUE,TRUE,TRUE,TRUE,FALSE,FALSE,FALSE,FALSE,FALSE,FALSE,FALSE,FALSE,FALSE,FALSE,FALSE,FALSE,"PhD, Education","Université des Antilles","PhD"
"145","d13ff02821b61b990ff27a7b7ebb8784","Microscopy facility ingineer/ image analysis","CEA - Commissariat à l'énergie atomique et aux énergies alternatives","Greater Paris Metropolitan Region","cdedde7b9e1927efaaf056e2f6fa1350","2009/2010","2010",TRUE,FALSE,FALSE,FALSE,FALSE,FALSE,FALSE,FALSE,FALSE,FALSE,FALSE,FALSE,FALSE,FALSE,FALSE,FALSE,FALSE,"Master IPFB, Ingénierie de plate forme","Université Paris Cité","Master"
"146","298e87120537f9244403b8f631ba586c","Co-fondateur de Par Le monde","ChangemakerXchange","Greater Paris Metropolitan Region","c11090ac72d9e0aac73d574ab4ebbe0c","2007/2008","2008",TRUE,FALSE,FALSE,FALSE,FALSE,FALSE,FALSE,FALSE,FALSE,FALSE,FALSE,FALSE,FALSE,FALSE,FALSE,FALSE,FALSE,"Master 2 (M2), Études pluridisciplinaires / interdisciplinaires, général","Learning Planet Institute","Master"
"147","298e87120537f9244403b8f631ba586c","Co-fondateur de Par Le monde","ChangemakerXchange","Greater Paris Metropolitan Region","c11090ac72d9e0aac73d574ab4ebbe0c","2007/2008","2008",TRUE,FALSE,FALSE,FALSE,FALSE,FALSE,FALSE,FALSE,FALSE,FALSE,FALSE,FALSE,FALSE,FALSE,FALSE,FALSE,FALSE,"Master 2 (M2), Biologie","Ecole normale supérieure","Master"
"148","1026e0a7706f7d48157724eacf64c782","Political Advisor at Ministry of Culture, Youth and Sports","Ministry of Culture, Youth and Sports","Pristina, District of Pristina, Kosovo","3ed1bcef56d09445386d39adfe161d0d","2017-2018","2018",TRUE,TRUE,FALSE,FALSE,FALSE,FALSE,FALSE,FALSE,FALSE,FALSE,FALSE,FALSE,FALSE,FALSE,FALSE,FALSE,FALSE,"Doctor of Philosophy - PhD, Théorie et composition musicales","New Bulgarian University","PhD"
"149","129ef33b8dfd3fcdfde83fa378be49a4","Software engineer [Database skills ; hardware-adjascent objectives].","fortil","Grenoble, Auvergne-Rhône-Alpes, France","0ea39ac0fa17b03c0dd3e19fe4da4bde","2013/2014","2014",FALSE,FALSE,FALSE,FALSE,TRUE,TRUE,TRUE,TRUE,FALSE,FALSE,FALSE,FALSE,FALSE,FALSE,FALSE,FALSE,FALSE,"Master of Engineering - MEng, Computer Software Engineering","Polytech Marseille","Master"
"150","daee401f5501110b080ba3e87588dba4","Data scientist at EDF R&D","EDF R&D","Bourg-la-Reine, Île-de-France, France","97f37e74cc231df870483e3d4bf8cc28","2008/2009","2009",FALSE,TRUE,FALSE,FALSE,FALSE,FALSE,FALSE,FALSE,FALSE,FALSE,FALSE,FALSE,FALSE,FALSE,FALSE,FALSE,FALSE,"Certificat de la chaire ""Entreprise et pauvreté"", Entreprenariat social","HEC Paris","Other"
"151","775d80798b013f201f2c68b8b2602456","Analyse et modélisation pour l’innovation en biologie. Biologie computationnelle.","CRI","Greater Paris Metropolitan Region","3e2044190973584ea9e734dcca8cfc8a","2016/2017","2017",TRUE,FALSE,FALSE,FALSE,FALSE,FALSE,FALSE,FALSE,FALSE,FALSE,FALSE,FALSE,FALSE,FALSE,FALSE,FALSE,FALSE,"Master Approches Interdisciplinaires du Vivant, Biologie de synthèse","Learning Planet Institute","Master"
"152","e1c19c23f68b75b774f5c5dba5fc986b","Chargé de recherche, Centre national de la recherche scientifique","Centre national de la recherche scientifique","France","df3bb5fe8cb9a6f6dff61b98c2c13744","2006/2007","2007",TRUE,FALSE,FALSE,FALSE,FALSE,FALSE,FALSE,FALSE,FALSE,FALSE,FALSE,FALSE,FALSE,FALSE,FALSE,FALSE,FALSE,"Master's degree, Neurobiologie","Ecole normale supérieure","Master"
"153","7da42b1361c776a1fb6c0ff4ef470933","Data Enthusiast // Candidat Artefact School of Data","Freelancer","Paris, Île-de-France, France","a62b44e40af5ac8495d160b7210e4803","2009/2010","2010",FALSE,FALSE,FALSE,FALSE,FALSE,FALSE,TRUE,TRUE,FALSE,FALSE,FALSE,FALSE,FALSE,FALSE,FALSE,FALSE,FALSE,"Praticien Hypnose Erycksonienne","Arche Hypnose","Other"
"154","7da42b1361c776a1fb6c0ff4ef470933","Data Enthusiast // Candidat Artefact School of Data","Freelancer","Paris, Île-de-France, France","a62b44e40af5ac8495d160b7210e4803","2009/2010","2010",FALSE,FALSE,FALSE,FALSE,FALSE,TRUE,TRUE,FALSE,FALSE,FALSE,FALSE,FALSE,FALSE,FALSE,FALSE,FALSE,FALSE,"Maître-Praticien en Anti-Addiction","Centre Anti Addiction Paris 20e","Other"
"155","e7e0fd323d02a3bcc911f6ed88d6f9ec","Enseignant, Formateur, Doctorant en Info Comm","Education Nationale","Greater Lille Metropolitan Area","4500c42b4c99bbf68582f90c3a6a9551","2014-2015","2015",TRUE,TRUE,TRUE,TRUE,FALSE,FALSE,FALSE,FALSE,FALSE,FALSE,FALSE,FALSE,FALSE,FALSE,FALSE,FALSE,FALSE,"Doctor of Philosophy (PhD), Laboratoire Dispositifs d'information et de communication à l'ère numérique - Paris, Île-de-France","Conservatoire National des Arts et Métiers","PhD"
"156","f26a61be35ed9d9a4466305bbce92554","Researcher || Doctorate || Open for a new environment || Healthier science, stronger foundation and collaboration","Institute of Science and Technology Austria","Dortmund, North Rhine-Westphalia, Germany","5d0f3cbfaab37ed5fac616c355c180ce","2012/2013","2013",TRUE,TRUE,TRUE,TRUE,TRUE,TRUE,FALSE,FALSE,FALSE,FALSE,FALSE,FALSE,FALSE,FALSE,FALSE,FALSE,FALSE,"Doctor of Philosophy - PhD, Cellular and developmental biology","Institute of Science and Technology Austria","PhD"
"157","ed97fc9de36163681c498d76889f43c3","Post-doctorant UMR 7057, Matière et systèmes complexes at Université Denis Diderot (Paris VII)","Université Denis Diderot (Paris VII)","Paris, Île-de-France, France","281d1b7f6343d660a72d5d79035c0549","2007/2008","2008",TRUE,TRUE,TRUE,TRUE,TRUE,TRUE,TRUE,FALSE,FALSE,FALSE,FALSE,FALSE,FALSE,FALSE,FALSE,FALSE,FALSE,"Licence, Philosophy","University of Paris I: Panthéon-Sorbonne","Other"
"158","ed97fc9de36163681c498d76889f43c3","Post-doctorant UMR 7057, Matière et systèmes complexes at Université Denis Diderot (Paris VII)","Université Denis Diderot (Paris VII)","Paris, Île-de-France, France","281d1b7f6343d660a72d5d79035c0549","2007/2008","2008",TRUE,TRUE,TRUE,FALSE,FALSE,FALSE,FALSE,FALSE,FALSE,FALSE,FALSE,FALSE,FALSE,FALSE,FALSE,FALSE,FALSE,"Phd, Theoretical Biology","Ecole normale supérieure","PhD"
"159","3992a291be830c0adf569fd6ee19838c","Co-Founder at Gouach. Building repairable electric batteries 🔋 for a sustainable e-mobility 🚲. 🚀 We're hiring! 😍","Gouach","Paris, Île-de-France, France","8b2619f2368ee403f2a3219719aa6485","2006/2007","2007",TRUE,FALSE,FALSE,FALSE,FALSE,FALSE,FALSE,FALSE,FALSE,FALSE,FALSE,FALSE,FALSE,FALSE,FALSE,FALSE,FALSE,"Master of science, Mathematics, computer science, computer vision","Ecole normale supérieure","Master"
"160","3992a291be830c0adf569fd6ee19838c","Co-Founder at Gouach. Building repairable electric batteries 🔋 for a sustainable e-mobility 🚲. 🚀 We're hiring! 😍","Gouach","Paris, Île-de-France, France","8b2619f2368ee403f2a3219719aa6485","2006/2007","2007",TRUE,TRUE,TRUE,TRUE,FALSE,FALSE,FALSE,FALSE,FALSE,FALSE,FALSE,FALSE,FALSE,FALSE,FALSE,FALSE,FALSE,"PhD, Mathematics and computer vision","Université Paris 5 Descartes","PhD"
"161","b703749876f39dc6cd4d90127d7ae703","Junior Researcher (CR2)","CRI - Centre de Recherches Interdisciplinaires","Greater Paris Metropolitan Region","0fa73592d8eb08a258d19a0261b54023","2004/2005","2005",FALSE,TRUE,TRUE,TRUE,FALSE,FALSE,FALSE,FALSE,FALSE,FALSE,FALSE,FALSE,FALSE,FALSE,FALSE,FALSE,FALSE,"Doctor of Philosophy (Ph.D.), Statistics","Paris-Sud University (Paris XI)","PhD"
"162","b703749876f39dc6cd4d90127d7ae703","Junior Researcher (CR2)","CRI - Centre de Recherches Interdisciplinaires","Greater Paris Metropolitan Region","0fa73592d8eb08a258d19a0261b54023","2004/2005","2005",FALSE,TRUE,TRUE,FALSE,FALSE,FALSE,FALSE,FALSE,FALSE,FALSE,FALSE,FALSE,FALSE,FALSE,FALSE,FALSE,FALSE,"Doctor of Philosophy (PhD), Biostatistics","The University of Tokyo","PhD"
"163","b703749876f39dc6cd4d90127d7ae703","Junior Researcher (CR2)","CRI - Centre de Recherches Interdisciplinaires","Greater Paris Metropolitan Region","0fa73592d8eb08a258d19a0261b54023","2004/2005","2005",TRUE,TRUE,FALSE,FALSE,FALSE,FALSE,FALSE,FALSE,FALSE,FALSE,FALSE,FALSE,FALSE,FALSE,FALSE,FALSE,FALSE,"Master's degree, Mathematics and Statistics","Ecole normale supérieure","Master"
"164","f110add376648697100a8a43fb254127","Ph.D Candidate at MIT","MIT Civil and Environmental Engineering","Cambridge, Massachusetts, United States","15e168fc6fb9bb465ca9cd9eb7c19c47","2016/2017","2017",TRUE,FALSE,FALSE,FALSE,FALSE,FALSE,FALSE,FALSE,FALSE,FALSE,FALSE,FALSE,FALSE,FALSE,FALSE,FALSE,FALSE,"Master of Science (M.Sc.), Interdisciplinary Approaches in Life Sciences (AIV) [Systems and synthetic biology]","Learning Planet Institute","Master"
"165","d94e7d4e359b5315928c9d2370e18ea3","PhD Candidate","médialab Sciences Po, CRI Paris","Greater Paris Metropolitan Region","1899083121cc23852363fbec0655deda","2017-2018","2018",TRUE,FALSE,FALSE,FALSE,FALSE,FALSE,FALSE,FALSE,FALSE,FALSE,FALSE,FALSE,FALSE,FALSE,FALSE,FALSE,FALSE,"School of Public Affairs , Digital, New Technology and Public Policy","Sciences Po","Other"
"166","94ca42ebf394b81c59c5226e7b31bd45","Group leader at CZ Biohub","CZ Biohub","San Francisco, Californie, États-Unis","9ac9b578d522a72660950bbb1b0944a7","2005/2006","2006",TRUE,TRUE,TRUE,TRUE,TRUE,TRUE,FALSE,FALSE,FALSE,FALSE,FALSE,FALSE,FALSE,FALSE,FALSE,FALSE,FALSE,"Doctor of Philosophy (Ph.D.), Biology, General","The Rockefeller University","PhD"
"167","eac11f0c2d3fe9424be34401b48c07ee","Consultant éco-responsable","PSL Research University","Paris, Île-de-France, France","1b88aa3a6b24f40f37aeff07528febb6","2013/2014","2014",TRUE,TRUE,FALSE,FALSE,FALSE,FALSE,FALSE,FALSE,FALSE,FALSE,FALSE,FALSE,FALSE,FALSE,FALSE,FALSE,FALSE,"Pre doctoral year, Neurosciences and Education","PSL Research University","Other"
"168","eac11f0c2d3fe9424be34401b48c07ee","Consultant éco-responsable","PSL Research University","Paris, Île-de-France, France","1b88aa3a6b24f40f37aeff07528febb6","2013/2014","2014",TRUE,FALSE,FALSE,FALSE,FALSE,FALSE,FALSE,FALSE,FALSE,FALSE,FALSE,FALSE,FALSE,FALSE,FALSE,FALSE,FALSE,"ENS diploma, Physics and Neurosciences","École normale supérieure de Lyon","Other"
"169","e960436e4ac29b2894f8771289932bd7","PhD (Sciences)","Université libre de Bruxelles","Région de Bruxelles-Capitale, Belgique","80e7e51af8b087c39ad2b50dbaef7ece","2013/2014","2014",TRUE,TRUE,TRUE,TRUE,TRUE,FALSE,FALSE,FALSE,FALSE,FALSE,FALSE,FALSE,FALSE,FALSE,FALSE,FALSE,FALSE,"Docteure en Sciences, Biologie, général","Université libre de Bruxelles","PhD"
"170","e960436e4ac29b2894f8771289932bd7","PhD (Sciences)","Université libre de Bruxelles","Région de Bruxelles-Capitale, Belgique","80e7e51af8b087c39ad2b50dbaef7ece","2013/2014","2014",TRUE,TRUE,TRUE,TRUE,TRUE,FALSE,FALSE,FALSE,FALSE,FALSE,FALSE,FALSE,FALSE,FALSE,FALSE,FALSE,FALSE,"Docteure en Sciences, Bioo","Université libre de Bruxelles","PhD"
"171","7b651efd0a3ef6899abe3e1e2c48443a","Recherche-création au cœur du DIU ArTeC","Université Paris 8","France","10555c15adea0e05ace03f53ad46024e","2020-2021","2021",TRUE,FALSE,FALSE,FALSE,FALSE,FALSE,FALSE,FALSE,FALSE,FALSE,FALSE,FALSE,FALSE,FALSE,FALSE,FALSE,FALSE,"DiU ArTeC, Arts libéraux et sciences, études générales et des sciences humaines","Université Paris 8","Other"
"172","6de2cd2a037a029871babb97ce7d8188","Doctorant en biophysique chez Institut Curie","Institut Curie","Greater Paris Metropolitan Region","c4110f08ab524fc95c56d51d57307fc6","2009/2010","2010",TRUE,FALSE,FALSE,FALSE,FALSE,FALSE,FALSE,FALSE,FALSE,FALSE,FALSE,FALSE,FALSE,FALSE,FALSE,FALSE,FALSE,"Diplôme de l'Ecole Normale Supérieure de Cachan, Electronique Electrotechnique et Automatisme","Ecole Normale Supérieue de Cachan","Master"
"173","f33da546f0ca0d7227157b850835c111","Researcher & University Teacher","Learning Planet Institute","France","7127acb6a4c0100d936979b1ff31e423","2015-2016","2016",TRUE,TRUE,TRUE,FALSE,FALSE,FALSE,FALSE,FALSE,FALSE,FALSE,FALSE,FALSE,FALSE,FALSE,FALSE,FALSE,FALSE,"Docteure, Psychologie","Université Paris Cité","PhD"
"174","f33da546f0ca0d7227157b850835c111","Researcher & University Teacher","Learning Planet Institute","France","7127acb6a4c0100d936979b1ff31e423","2015-2016","2016",FALSE,TRUE,FALSE,FALSE,FALSE,FALSE,FALSE,FALSE,FALSE,FALSE,FALSE,FALSE,FALSE,FALSE,FALSE,FALSE,FALSE,"In-doc, Laboratoire de Sciences Sociales, Imagination et Théâtre","George Mason University","Other"
"175","821953eb9602cd7b12d68388b80b4bf0","Computational biologist","anh-innovation","Zagreb, Zagreb, Croatia","59fc08252fbb9c03a0cd8059f455d197","2016/2017","2017",TRUE,TRUE,TRUE,TRUE,FALSE,FALSE,FALSE,FALSE,FALSE,FALSE,FALSE,FALSE,FALSE,FALSE,FALSE,FALSE,FALSE,"Doctor of Philosophy - PhD, Life sciences","UCL","PhD"
"176","ecd2414d4c702fdd258fadeb4432d82a","PHD Student chez Université de Fribourg/Universität Freiburg","Université de Fribourg/Universität Freiburg","Marly-le-Grand, Fribourg, Switzerland","a699863cd5d6e454001eb34022c6becb","2017/2018","2018",TRUE,TRUE,TRUE,TRUE,FALSE,FALSE,FALSE,FALSE,FALSE,FALSE,FALSE,FALSE,FALSE,FALSE,FALSE,FALSE,FALSE,"Phd, Biologie évolutive","Université de Fribourg - Universität Freiburg","PhD"
"177","71ddc3fd29cb2622b813b77c67f1b827","PhD, Neurospin","Université Denis Diderot (Paris VII)","Greater Paris Metropolitan Region","a7dc7dfe929e324d71d42801d6144cce","2012/2013","2013",TRUE,TRUE,TRUE,FALSE,FALSE,FALSE,FALSE,FALSE,FALSE,FALSE,FALSE,FALSE,FALSE,FALSE,FALSE,FALSE,FALSE,"Doctorat, Biophysics / Neurosciences","Université Paris Cité","PhD"
"178","d17c3ba2dd8a47ffb23173444dda6b36","Sr. fluidics scientist",NA,"United States","c07986e1d34ee59cc377c937f8f25ba3","2011/2012","2012",TRUE,TRUE,TRUE,TRUE,FALSE,FALSE,FALSE,FALSE,FALSE,FALSE,FALSE,FALSE,FALSE,FALSE,FALSE,FALSE,FALSE,"Doctor of Philosophy (PhD), Biophysics","Université Paris Cité","PhD"
"179","eceb9a7e8b3298e7fdd5c02397a2426b","Senior Product Manager - Data, Digital and Innovation","Malakoff Humanis","Paris, Île-de-France, France","052588a4add23a48932303739012e44a","2004/2005","2005",TRUE,FALSE,FALSE,FALSE,FALSE,FALSE,FALSE,FALSE,FALSE,FALSE,FALSE,FALSE,FALSE,FALSE,FALSE,FALSE,FALSE,"MSc, Engineer","AgroParisTech","Master"
"180","d4b2214efc1507c575c67a30a9de4a69","PhD, Global Medical and Scientific Communications chez Sanofi","Sanofi","Paris, Île-de-France, France","849a1c630a109b4090cb607c21fd5bb3","2014/2015","2015",FALSE,FALSE,FALSE,FALSE,FALSE,TRUE,FALSE,FALSE,FALSE,FALSE,FALSE,FALSE,FALSE,FALSE,FALSE,FALSE,FALSE,"DU Medical Science Liaison , Medical affairs","Université Paris Cité","Other"
"181","d4b2214efc1507c575c67a30a9de4a69","PhD, Global Medical and Scientific Communications chez Sanofi","Sanofi","Paris, Île-de-France, France","849a1c630a109b4090cb607c21fd5bb3","2014/2015","2015",TRUE,TRUE,TRUE,TRUE,TRUE,FALSE,FALSE,FALSE,FALSE,FALSE,FALSE,FALSE,FALSE,FALSE,FALSE,FALSE,FALSE,"Doctor of Philosophy (PhD), « Structure et Dynamique des Systèmes Vivants»","Université Paris-Saclay","PhD"
"182","d4b2214efc1507c575c67a30a9de4a69","PhD, Global Medical and Scientific Communications chez Sanofi","Sanofi","Paris, Île-de-France, France","849a1c630a109b4090cb607c21fd5bb3","2014/2015","2015",TRUE,FALSE,FALSE,FALSE,FALSE,FALSE,FALSE,FALSE,FALSE,FALSE,FALSE,FALSE,FALSE,FALSE,FALSE,FALSE,FALSE,"Master in science- Ageing, Biologie du vieillissement","Université Paris Cité","Other"
"183","8fcd8f22bd96c303c8882059e25ad93a","NLP Engineer at 365Talents","365Talents","Lyon, Auvergne-Rhône-Alpes, France","e3584c6b7aa612b0c35e705adc0f5943","2009/2010","2010",TRUE,TRUE,TRUE,FALSE,FALSE,FALSE,FALSE,FALSE,FALSE,FALSE,FALSE,FALSE,FALSE,FALSE,FALSE,FALSE,FALSE,"Doctor of Philosophy (Ph.D.), Very low field MRI","Université Paris Cité","PhD"
"184","c2d578a9add482ca2328c1d972ae7d58","PhD Candidate, Barral Group at ETH Zürich","ETH Zürich","Zurich, Zurich, Switzerland","44b8c7abb09f35f2d7e51a5b5227c717","2019-2020","2020",TRUE,TRUE,TRUE,TRUE,FALSE,FALSE,FALSE,FALSE,FALSE,FALSE,FALSE,FALSE,FALSE,FALSE,FALSE,FALSE,FALSE,"Doctor of Philosophy - PhD, Molecular Biology","ETH Zürich","PhD"
"185","1b1b9dd06dc1edfe8121d38c459f6e59","CEO and founder at Heliosand","Heliosand","Grenoble, Auvergne-Rhône-Alpes, France","0ed1004ca81f80d30eb14bc44c7e7b3f","2009/2010","2010",TRUE,TRUE,TRUE,FALSE,FALSE,FALSE,FALSE,FALSE,FALSE,FALSE,FALSE,FALSE,FALSE,FALSE,FALSE,FALSE,FALSE,"Master 2 (M2), Physique","Université Paris Cité","Master"
"186","8cfd0c898ebb2f0de835b4754c3af2d9","Ex-Junkbot || I love connected devices, robots, decentralised networks, emotions and HCI",NA,"Greater Paris Metropolitan Region","9ecd4a136df1adff613dc9ed97b25f1f","2020-2021","2021",TRUE,TRUE,TRUE,FALSE,FALSE,FALSE,FALSE,FALSE,FALSE,FALSE,FALSE,FALSE,FALSE,FALSE,FALSE,FALSE,FALSE,"Doctor of Philosophy - PhD, Wearable devices and Machine Learning","Université Paris Cité","PhD"
"187","6df5133348a737a3ef9975979b290e47","Postdoctoral Fellow at The University of Edinburgh","The University of Edinburgh","Edinburgh, Scotland, United Kingdom","8618cee33884eb3becfd4f8aee19ace8","2011/2012","2012",TRUE,TRUE,TRUE,TRUE,TRUE,FALSE,FALSE,FALSE,FALSE,FALSE,FALSE,FALSE,FALSE,FALSE,FALSE,FALSE,FALSE,"Doctor of Philosophy (Ph.D.), Stem Cell Research","The University of Edinburgh","PhD"
"188","6df5133348a737a3ef9975979b290e47","Postdoctoral Fellow at The University of Edinburgh","The University of Edinburgh","Edinburgh, Scotland, United Kingdom","8618cee33884eb3becfd4f8aee19ace8","2011/2012","2012",TRUE,TRUE,TRUE,FALSE,FALSE,FALSE,FALSE,FALSE,FALSE,FALSE,FALSE,FALSE,FALSE,FALSE,FALSE,FALSE,FALSE,"Doctor of Pharmacy (Pharm.D.), Pharmacy","Paris-Sud University (Paris XI)","PhD"
"189","7a0219a7867d006728341cadd603f8b6","Interne en médecine interne. Ingénieur.","AP-HP, Assistance Publique - Hôpitaux de Paris","Paris, Île-de-France, France","323f13680d0e3868f4c5174526921224","2010/2011","2011",FALSE,FALSE,FALSE,FALSE,TRUE,TRUE,TRUE,TRUE,TRUE,TRUE,TRUE,FALSE,FALSE,FALSE,FALSE,FALSE,FALSE,"Doctorat de médecine, Médecine interne.","University of Lausanne - UNIL","PhD"
"190","7a0219a7867d006728341cadd603f8b6","Interne en médecine interne. Ingénieur.","AP-HP, Assistance Publique - Hôpitaux de Paris","Paris, Île-de-France, France","323f13680d0e3868f4c5174526921224","2010/2011","2011",TRUE,TRUE,TRUE,TRUE,TRUE,FALSE,FALSE,FALSE,FALSE,FALSE,FALSE,FALSE,FALSE,FALSE,FALSE,FALSE,FALSE,"Diplôme de Formation Approfondie en Sciences Médicales, médecin.","Nantes Université","PhD"
"191","3b9e082a93764b8bf9227f40f968d9f4","Professeur de gastroentérologie et d'oncologie digestive (PUPH) chez Groupe Hospitalier Paris Centre - Site Cochin","Groupe hospitalier Paris Centre - Hôpital Cochin","Paris, Île-de-France, France","28b25c5d098f0d4101dd6cba2196b83e","2008/2009","2009",FALSE,FALSE,FALSE,FALSE,FALSE,FALSE,TRUE,TRUE,FALSE,FALSE,FALSE,FALSE,FALSE,FALSE,FALSE,FALSE,FALSE,"Ecole de management des médecins des hôpitaux (EMAMH)","Mines Paris Tech (EMAMH)","Master"
"192","3b9e082a93764b8bf9227f40f968d9f4","Professeur de gastroentérologie et d'oncologie digestive (PUPH) chez Groupe Hospitalier Paris Centre - Site Cochin","Groupe hospitalier Paris Centre - Hôpital Cochin","Paris, Île-de-France, France","28b25c5d098f0d4101dd6cba2196b83e","2008/2009","2009",FALSE,FALSE,TRUE,TRUE,FALSE,FALSE,FALSE,FALSE,FALSE,FALSE,FALSE,FALSE,FALSE,FALSE,FALSE,FALSE,FALSE,"Habilitation à diriger des recherches, Sciences","Université Paris Cité","Other"
"193","3b9e082a93764b8bf9227f40f968d9f4","Professeur de gastroentérologie et d'oncologie digestive (PUPH) chez Groupe Hospitalier Paris Centre - Site Cochin","Groupe hospitalier Paris Centre - Hôpital Cochin","Paris, Île-de-France, France","28b25c5d098f0d4101dd6cba2196b83e","2008/2009","2009",FALSE,TRUE,TRUE,FALSE,FALSE,FALSE,FALSE,FALSE,FALSE,FALSE,FALSE,FALSE,FALSE,FALSE,FALSE,FALSE,FALSE,"Diplôme inter Universitaire (DIU) de pédagogie médicale","Pierre and Marie Curie University","Other"
"194","3b9e082a93764b8bf9227f40f968d9f4","Professeur de gastroentérologie et d'oncologie digestive (PUPH) chez Groupe Hospitalier Paris Centre - Site Cochin","Groupe hospitalier Paris Centre - Hôpital Cochin","Paris, Île-de-France, France","28b25c5d098f0d4101dd6cba2196b83e","2008/2009","2009",TRUE,TRUE,TRUE,FALSE,FALSE,FALSE,FALSE,FALSE,FALSE,FALSE,FALSE,FALSE,FALSE,FALSE,FALSE,FALSE,FALSE,"Thèse de doctorat es Sciences , Sciences fondamentales et du vivant","Université Paris Cité","PhD"
"195","1f9ca91759511f1c49f8078a1a196bb4","Directeur Médical, Mila","Mila","Paris, Île-de-France, France","85b1471d14e0b4b6ad0c4a018c67e731","2010/2011","2011",TRUE,TRUE,TRUE,TRUE,TRUE,TRUE,TRUE,FALSE,FALSE,FALSE,FALSE,FALSE,FALSE,FALSE,FALSE,FALSE,FALSE,"Doctor of Medicine (MD), Public Health","Pierre and Marie Curie University","PhD"
"196","1f9ca91759511f1c49f8078a1a196bb4","Directeur Médical, Mila","Mila","Paris, Île-de-France, France","85b1471d14e0b4b6ad0c4a018c67e731","2010/2011","2011",FALSE,FALSE,FALSE,TRUE,TRUE,FALSE,FALSE,FALSE,FALSE,FALSE,FALSE,FALSE,FALSE,FALSE,FALSE,FALSE,FALSE,"Executive Master, Strategy and Managment of Health Industies, Health Technology","ESSEC Business School","Master"
"197","1f9ca91759511f1c49f8078a1a196bb4","Directeur Médical, Mila","Mila","Paris, Île-de-France, France","85b1471d14e0b4b6ad0c4a018c67e731","2010/2011","2011",FALSE,FALSE,TRUE,TRUE,FALSE,FALSE,FALSE,FALSE,FALSE,FALSE,FALSE,FALSE,FALSE,FALSE,FALSE,FALSE,FALSE,"Master of Public Health (MPH), Public health","Paris-Sud University (Paris XI)","Master"
"198","8f426ffb5d0d93f05238a6f90ef4e482","PhD Candidate-Junior Lecturer- Management Control","HEC Paris","France","3eff4ebc3fc717c4965c7c26d82085bb","2016/2017","2017",TRUE,TRUE,TRUE,TRUE,TRUE,FALSE,FALSE,FALSE,FALSE,FALSE,FALSE,FALSE,FALSE,FALSE,FALSE,FALSE,FALSE,"Doctor of Philosophy - PhD, Management Control and Performance Processes","ESCP Business School","PhD"
"199","a54c20b03cedbf1d612442d0c3978fa2","Professor of Emergency Medicine and Head of the Emergency Medicine department Tours university hospital","University of Tours","Tours, Centre-Val de Loire, France","984228875f719405898c35a84440c5d2","2009/2010","2010",TRUE,TRUE,TRUE,FALSE,FALSE,FALSE,FALSE,FALSE,FALSE,FALSE,FALSE,FALSE,FALSE,FALSE,FALSE,FALSE,FALSE,"PhD, Acute heart failure, epidemiology and prognostic factors.","Université Paris Cité","PhD"
"200","ad9611de9a80343c82e24e06fbf71306","Developing a mind for numbers @Cornell to pursue freedom & independence.","Joan & Sanford I. Weill Medical College of Cornell University","New York, New York, United States","da37e9a4555dd007b7fd0d4a916cc5b2","2018-2019","2019",FALSE,TRUE,TRUE,TRUE,TRUE,TRUE,TRUE,FALSE,FALSE,FALSE,FALSE,FALSE,FALSE,FALSE,FALSE,FALSE,FALSE,"Doctor of Philosophy - PhD, Tri - Institute PhD Program in Computational Biology and Medicine","Joan & Sanford I. Weill Medical College of Cornell University","PhD"
"201","ad9611de9a80343c82e24e06fbf71306","Developing a mind for numbers @Cornell to pursue freedom & independence.","Joan & Sanford I. Weill Medical College of Cornell University","New York, New York, United States","da37e9a4555dd007b7fd0d4a916cc5b2","2018-2019","2019",TRUE,FALSE,FALSE,FALSE,FALSE,FALSE,FALSE,FALSE,FALSE,FALSE,FALSE,FALSE,FALSE,FALSE,FALSE,FALSE,FALSE,"Master of Philosophy - MPhil, Biochemistry","Kwame Nkrumah'​ University of Science and Technology, Kumasi","Master"
"202","0c403b4b163906ca44e3f353ba1aef8c","Data at Sonio","Sonio","Paris, Île-de-France, France","0079461564064cd5d646a84e1980e968","2009/2010","2010",TRUE,TRUE,TRUE,TRUE,TRUE,FALSE,FALSE,FALSE,FALSE,FALSE,FALSE,FALSE,FALSE,FALSE,FALSE,FALSE,FALSE,"Doctor of Philosophy (Ph.D.), Molecular Genetics","Pierre and Marie Curie University","PhD"
"203","4eee4cd15f90020c8cf9f617ab7c9d75","Ingénieur de Recherche CNRS à l'IBENS Ecole Normale Supérieure chez CNRS - Centre national de la recherche scientifique","CNRS - Centre national de la recherche scientifique","Greater Paris Metropolitan Region","d63ff1f65728eeaa79b04490d67412f0","2006/2007","2007",TRUE,TRUE,TRUE,FALSE,FALSE,FALSE,FALSE,FALSE,FALSE,FALSE,FALSE,FALSE,FALSE,FALSE,FALSE,FALSE,FALSE,"DOCTOR, Ecology, evolution, population genetics, microbiology","PhD ENS PARIS","PhD"
"204","75612447da5cb8bbebd1270d1ce00d5b","(Former Multidisciplinary student (Background in Life-Sciences and currently learning Machine-Learning))","Mila - Institut Québécois d'Intelligence Artificielle","Canada","8f7a7a57ed78adff1022f53f736341f6","2019-2020","2020",TRUE,TRUE,FALSE,FALSE,FALSE,FALSE,FALSE,FALSE,FALSE,FALSE,FALSE,FALSE,FALSE,FALSE,FALSE,FALSE,FALSE,"D.E.S.S., Apprentissage automatique","Mila - Quebec Artificial Intelligence Institute","Master"
"205","75612447da5cb8bbebd1270d1ce00d5b","(Former Multidisciplinary student (Background in Life-Sciences and currently learning Machine-Learning))","Mila - Institut Québécois d'Intelligence Artificielle","Canada","8f7a7a57ed78adff1022f53f736341f6","2019-2020","2020",TRUE,TRUE,FALSE,FALSE,FALSE,FALSE,FALSE,FALSE,FALSE,FALSE,FALSE,FALSE,FALSE,FALSE,FALSE,FALSE,FALSE,"D.E.S.S., Apprentissage automatique","Université de Montréal","Master"
"206","75612447da5cb8bbebd1270d1ce00d5b","(Former Multidisciplinary student (Background in Life-Sciences and currently learning Machine-Learning))","Mila - Institut Québécois d'Intelligence Artificielle","Canada","8f7a7a57ed78adff1022f53f736341f6","2019-2020","2020",TRUE,TRUE,FALSE,FALSE,FALSE,FALSE,FALSE,FALSE,FALSE,FALSE,FALSE,FALSE,FALSE,FALSE,FALSE,FALSE,FALSE,"D.E.S.S., Apprentissage automatique","Mila - Quebec Artificial Intelligence Institute","Master"
"207","75612447da5cb8bbebd1270d1ce00d5b","(Former Multidisciplinary student (Background in Life-Sciences and currently learning Machine-Learning))","Mila - Institut Québécois d'Intelligence Artificielle","Canada","8f7a7a57ed78adff1022f53f736341f6","2019-2020","2020",TRUE,TRUE,FALSE,FALSE,FALSE,FALSE,FALSE,FALSE,FALSE,FALSE,FALSE,FALSE,FALSE,FALSE,FALSE,FALSE,FALSE,"D.E.S.S., Apprentissage automatique","Université de Montréal","Master"
"208","6997967f8d0ee856932da4d4c4bbe1c8","Head of Data & IT at ENDODIAG","ENDODIAG","Greater Paris Metropolitan Region","4b01521aedf5b1f8e75c5995110ffc38","2007/2008","2008",TRUE,TRUE,TRUE,TRUE,FALSE,FALSE,FALSE,FALSE,FALSE,FALSE,FALSE,FALSE,FALSE,FALSE,FALSE,FALSE,FALSE,"Doctor of Philosophy (PhD), Microbiology and Systems Biology","University of Claude Bernard, Lyon 1","PhD"
"209","9e66ef069f083794868a53aa0d9f012b","PhD student","Hospital of the university of Tübingen","Tübingen, Baden-Württemberg, Germany","e77aee4bb41b19b299f5d148d0ed9089","2019-2020","2020",TRUE,TRUE,TRUE,FALSE,FALSE,FALSE,FALSE,FALSE,FALSE,FALSE,FALSE,FALSE,FALSE,FALSE,FALSE,FALSE,FALSE,"Doctor of Philosophy - PhD, Proteomic Networks in cilliary disassembly","University of Tübingen","PhD"
"210","d42d34ad15dd9e556a235cec3d444056","Early-stage researcher","Centro de Investigación Médica Aplicada","Pamplona, Chartered Community of Navarre, Spain","ba2b15d87f26199970d555495ac56712","2016/2017","2017",FALSE,FALSE,TRUE,TRUE,TRUE,TRUE,TRUE,FALSE,FALSE,FALSE,FALSE,FALSE,FALSE,FALSE,FALSE,FALSE,FALSE,"Doctor of Philosophy - PhD, Cancer research","Centro de Investigación Médica Aplicada","PhD"
"211","26bb2f04d93a048650b2f6ff824f49a5","MD Candidate, University of Michigan Medical School","Stanford University","Ann Arbor, Michigan, United States","c567426ef016b1dd80300c12e9685e36","2017/2018","2018",TRUE,TRUE,TRUE,TRUE,FALSE,FALSE,FALSE,FALSE,FALSE,FALSE,FALSE,FALSE,FALSE,FALSE,FALSE,FALSE,FALSE,"Doctor of Medicine - MD","University of Michigan Medical School","PhD"
"212","4829a1bfedfff248daa2297e02a19d99","Biotech Leader and Sparring Partner","Outcomes4Me","Paris, Île-de-France, France","f711981f659805a9fbc7a9dd1b1b5c8f","2004/2005","2005",TRUE,TRUE,TRUE,FALSE,FALSE,FALSE,FALSE,FALSE,FALSE,FALSE,FALSE,FALSE,FALSE,FALSE,FALSE,FALSE,FALSE,"PhD, Cellular and Molecular Biology","Université Paris Cité","PhD"
"213","2a546a9868ca8737fb5fb2d16c9eb015","PhD Student at Institut Curie (UMR 168)","Institut Curie","Paris, Île-de-France, France","72cb1a25c348510a52041edbabfab7d8","2019-2020","2020",TRUE,TRUE,TRUE,FALSE,FALSE,FALSE,FALSE,FALSE,FALSE,FALSE,FALSE,FALSE,FALSE,FALSE,FALSE,FALSE,FALSE,"Thèse de doctorat, Biophysique","PSL Research University","PhD"
"214","39903c4fdc0fd51b728e192b4b9a5ed8","Spécialiste produits chez I&L Biosystems France SAS","I&L Biosystems France SAS","Lyon, Auvergne-Rhône-Alpes, France","5307481acea2999657b33d5e5ed4012a","2009/2010","2010",FALSE,FALSE,FALSE,FALSE,TRUE,TRUE,FALSE,FALSE,FALSE,FALSE,FALSE,FALSE,FALSE,FALSE,FALSE,FALSE,FALSE,"IPROB 8 : Qualification professionnelle aux bio-industries","l'ESTBB","Other"
"215","39903c4fdc0fd51b728e192b4b9a5ed8","Spécialiste produits chez I&L Biosystems France SAS","I&L Biosystems France SAS","Lyon, Auvergne-Rhône-Alpes, France","5307481acea2999657b33d5e5ed4012a","2009/2010","2010",TRUE,TRUE,TRUE,TRUE,FALSE,FALSE,FALSE,FALSE,FALSE,FALSE,FALSE,FALSE,FALSE,FALSE,FALSE,FALSE,FALSE,"Doctorat, Microbiologie Immunologie Virologie","Université Joseph Fourier (Grenoble I)","PhD"
"216","39903c4fdc0fd51b728e192b4b9a5ed8","Spécialiste produits chez I&L Biosystems France SAS","I&L Biosystems France SAS","Lyon, Auvergne-Rhône-Alpes, France","5307481acea2999657b33d5e5ed4012a","2009/2010","2010",TRUE,FALSE,FALSE,FALSE,FALSE,FALSE,FALSE,FALSE,FALSE,FALSE,FALSE,FALSE,FALSE,FALSE,FALSE,FALSE,FALSE,"Master 2 (M2), Biologie des systèmes cellulaires","Pierre and Marie Curie University","Master"
"217","0b76f2ad278ad3a81b715029b7038f52","PHD Candidate at Western Sydney University","Western Sydney University","Campbelltown, New South Wales, Australia","66e28d5f981339c42294746e367206b2","2012/2013","2013",FALSE,FALSE,FALSE,FALSE,FALSE,TRUE,TRUE,TRUE,TRUE,FALSE,FALSE,FALSE,FALSE,FALSE,FALSE,FALSE,FALSE,"Doctor of Philosophy - PhD, Neuroscience","Western Sydney University","PhD"
"218","1f86d47ec4197b8ffae5c6bb32edc847","Computational biologist in single-cell and functional genomics","KU Leuven","Nantes, Pays de la Loire, France","6dd10f89cab58fcb0ab3ee33a5ed4b0f","2014/2015","2015",TRUE,TRUE,TRUE,TRUE,TRUE,FALSE,FALSE,FALSE,FALSE,FALSE,FALSE,FALSE,FALSE,FALSE,FALSE,FALSE,FALSE,"Doctor of Philosophy - PhD, Computational Biology","Ecole normale supérieure","PhD"
"219","1f86d47ec4197b8ffae5c6bb32edc847","Computational biologist in single-cell and functional genomics","KU Leuven","Nantes, Pays de la Loire, France","6dd10f89cab58fcb0ab3ee33a5ed4b0f","2014/2015","2015",TRUE,FALSE,FALSE,FALSE,FALSE,FALSE,FALSE,FALSE,FALSE,FALSE,FALSE,FALSE,FALSE,FALSE,FALSE,FALSE,FALSE,"Master 2 (M2), Computational Biology","Ecole normale supérieure","Master"
"220","bd196c8075017d16b13c923d89f2e615","Étudiant(e) à Université Grenoble Alpes","Université Grenoble Alpes","Grenoble, Auvergne-Rhône-Alpes, France","49f21014b58076c06f472d5fe75dc2a4","2018-2019","2019",TRUE,TRUE,TRUE,FALSE,FALSE,FALSE,FALSE,FALSE,FALSE,FALSE,FALSE,FALSE,FALSE,FALSE,FALSE,FALSE,FALSE,"Thèse de doctorat, Science and Technology Studies","Université Grenoble Alpes","PhD"
"221","61a02ab318edb782af3f45644f98d309","Seismic Hazard Scientist at Global Earthquake Model","Global Earthquake Model","Paris, Île-de-France, France","2e04331fd7426bd9cc39d1ab0ed9a416","2012/2013","2013",TRUE,FALSE,FALSE,FALSE,FALSE,FALSE,FALSE,FALSE,FALSE,FALSE,FALSE,FALSE,FALSE,FALSE,FALSE,FALSE,FALSE,"Master's degree, Geology and Natural Hazards","Institut de Physique du Globe de Paris","Master"
"222","975b19bb57c8edc6a5ee21a74e5b5227","Senior Scientist, Biozentrum (Basel)","University of Basel","Basel, Basel, Switzerland","b0f6593685a405d2d398fb9bec03fbf8","2004/2005","2005",FALSE,TRUE,TRUE,TRUE,TRUE,TRUE,FALSE,FALSE,FALSE,FALSE,FALSE,FALSE,FALSE,FALSE,FALSE,FALSE,FALSE,"PhD, Microbial Ecology","Ecole normale supérieure","PhD"
"223","bdc5eb717dffd5ced814e967ed503de2","Rebooting Science! 🧬⚗️🛠🤝🌍Co-Founder & CEO at Just One Giant Lab (JOGL.io)","JOGL - Just One Giant Lab","Paris et périphérie","e11b46284b94626b8c8faa4fff233b1e","2007/2008","2008",TRUE,TRUE,TRUE,TRUE,TRUE,TRUE,FALSE,FALSE,FALSE,FALSE,FALSE,FALSE,FALSE,FALSE,FALSE,FALSE,FALSE,"Doctor of Philosophy - PhD, Synthetic Biology","Université Paris-Saclay","PhD"
"224","8184cb829b3ac9b8d19ef29707025aa3","Étudiant en médecine & Ingénieur pédagogique VR","Université de Paris","Paris, Île-de-France, France","a446e6d8e48c4175c6c82f8dfcf5ee03","2017-2018","2018",TRUE,TRUE,TRUE,TRUE,TRUE,FALSE,FALSE,FALSE,FALSE,FALSE,FALSE,FALSE,FALSE,FALSE,FALSE,FALSE,FALSE,"Médecine","Université Paris Cité","PhD"
"225","4b22d2d6bd1a7ccbf0c58d658348145a","Research Scientist (CR) at INRA in quantitative genetics","INRA French National Institute for Agricultural Research","Greater Paris Metropolitan Region","6d6ae903b68856c00362e8a4e42b517a","2006/2007","2007",TRUE,TRUE,TRUE,FALSE,FALSE,FALSE,FALSE,FALSE,FALSE,FALSE,FALSE,FALSE,FALSE,FALSE,FALSE,FALSE,FALSE,"PhD, evolutionary genomics, bioinformatics","Université Paris Cité","PhD"
"226","368e9e01705332615a291809ead4492f","Postdoctoral Research Fellow (Bioinformatics) at JGU","JGU","Frankfurt Rhine-Main Metropolitan Area","99d4fce4626987d7d37f1e043c354f15","2015/2016","2016",TRUE,TRUE,TRUE,TRUE,TRUE,FALSE,FALSE,FALSE,FALSE,FALSE,FALSE,FALSE,FALSE,FALSE,FALSE,FALSE,FALSE,"Doctor of Philosophy - PhD, Computational Biology","Johannes Gutenberg University Mainz","PhD"
"227","1177bda3cb89aa2f4a766a5ee16e421d","Science writer dedicated to making complex concepts more accessible and engaging","Université Grenoble Alpes","Grenoble, Auvergne-Rhône-Alpes, France","a1216d0ba5fdb9cfe8d829c052383e7a","2016/2017","2017",TRUE,TRUE,TRUE,TRUE,FALSE,FALSE,FALSE,FALSE,FALSE,FALSE,FALSE,FALSE,FALSE,FALSE,FALSE,FALSE,FALSE,"Doctor of Philosophy - PhD, Computer Graphics and Human Anatomy","Université Grenoble Alpes","PhD"
"228","897e4f964fc3a508bbb1469d768e9164","PhD student in Biophysics","Theodo","Greater Paris Metropolitan Region","e65c5e1a19565ac72a34157bcff07180","2010/2011","2011",TRUE,TRUE,TRUE,TRUE,FALSE,FALSE,FALSE,FALSE,FALSE,FALSE,FALSE,FALSE,FALSE,FALSE,FALSE,FALSE,FALSE,"PhD, Biophysics","Laboratoire Matière et Systèmes Complexes UMR 7057 - Université Paris Diderot","PhD"
"229","9da831d38e76b514004ca45e122d64dd","Anesthesiology Resident","Université Paris Descartes","Greater Paris Metropolitan Region","acecbdaeba2433f539c8981b0ea716ba","2015-2016","2016",TRUE,TRUE,FALSE,FALSE,FALSE,FALSE,FALSE,FALSE,FALSE,FALSE,FALSE,FALSE,FALSE,FALSE,FALSE,FALSE,FALSE,"Anesthesiology and intensive care","Université Paris Cité","Other"
"230","f5e9ec2de5b95c7879fd94e48c3ffa1d","Drug disc & synbio research group leader","INSERM","Région métropolitaine de New York City","5dedc858080df1554773a1bc15dce877","2012/2013","2013",TRUE,TRUE,TRUE,FALSE,FALSE,FALSE,FALSE,FALSE,FALSE,FALSE,FALSE,FALSE,FALSE,FALSE,FALSE,FALSE,FALSE,"Doctorat ès sciences (PhD), Synthetic Biology","Université de Paris - PhD program ""Frontières du Vivant""","PhD"
"231","38ce5a428f002c9c3b6a7ead7c81723f","Lead Data Scientist","Sodexo","Paris, Île-de-France, France","1369d0e1958467e3b8da080f68f01ea4","2009/2010","2010",TRUE,TRUE,TRUE,FALSE,FALSE,FALSE,FALSE,FALSE,FALSE,FALSE,FALSE,FALSE,FALSE,FALSE,FALSE,FALSE,FALSE,"Doctor of Philosophy (Ph.D.), Biostatistique","Ecole normale supérieure","PhD"
"232","38ce5a428f002c9c3b6a7ead7c81723f","Lead Data Scientist","Sodexo","Paris, Île-de-France, France","1369d0e1958467e3b8da080f68f01ea4","2009/2010","2010",TRUE,TRUE,TRUE,FALSE,FALSE,FALSE,FALSE,FALSE,FALSE,FALSE,FALSE,FALSE,FALSE,FALSE,FALSE,FALSE,FALSE,"Doctor of Philosophy (Ph.D.), Biostatistique","Ecole normale supérieure","PhD"
"233","6883feb231f826bee59d2a96470aeba3","Responsable Maker chez École des Ponts ParisTech",NA,"Greater Paris Metropolitan Region","e96692c2575e752f9df3969cba5a2774","2016-2017","2017",FALSE,FALSE,FALSE,TRUE,FALSE,FALSE,FALSE,FALSE,FALSE,FALSE,FALSE,FALSE,FALSE,FALSE,FALSE,FALSE,FALSE,"certification, les fondamentaux du design thinking","École des Ponts ParisTech","Other"
"234","5088346c75ff6f97e8fe33459d8bc000","Co-founder & CEO chez Eligo Bioscience","Eligo Bioscience","Paris, Île-de-France, France","83e194c82b5d4de9677b27728b506ffe","2009/2010","2010",TRUE,TRUE,TRUE,TRUE,FALSE,FALSE,FALSE,FALSE,FALSE,FALSE,FALSE,FALSE,FALSE,FALSE,FALSE,FALSE,FALSE,"PhD, Synthetic Biology and Genome Engineering","MIT (USA) and INRIA (France)","PhD"
"235","82f6be8544cfbb0e4e49f3154b16232a","Maitre de conférence à l'Université de Rennes 1","Université de Rennes 1","Rennes et périphérie","846a077807f005ad98d94b89228f4639","2007/2008","2008",TRUE,TRUE,TRUE,TRUE,FALSE,FALSE,FALSE,FALSE,FALSE,FALSE,FALSE,FALSE,FALSE,FALSE,FALSE,FALSE,FALSE,"Research Doctorate, Applied Mathematics, Biology","Université Paris Cité","PhD"
"236","a5f3837c7cc3964c01b867b75c7adaf7","Innovation R&D Partnership Developer - (Flexible Sensors) at Linxens","Linxens","Paris, Île-de-France, France","733cd7f1fb51335db20c1f42a35a2999","2019-2020","2020",TRUE,FALSE,FALSE,FALSE,FALSE,FALSE,FALSE,FALSE,FALSE,FALSE,FALSE,FALSE,FALSE,FALSE,FALSE,FALSE,FALSE,"M2 Bioentrepreneurs, Entrepreneurship/Entrepreneurial Studies","Université Paris Cité","Master"
"237","d2f29542bfde7a88c1273bc76c5c83e3","Systems biology of aging","Weizmann Institute of Science","Israel","d68f21974e7386c3abce9def9be66d6b","2009/2010","2010",TRUE,TRUE,TRUE,TRUE,TRUE,FALSE,FALSE,FALSE,FALSE,FALSE,FALSE,FALSE,FALSE,FALSE,FALSE,FALSE,FALSE,"Doctor of Philosophy (Ph.D.), Frontiers of Life Sciences (FdV, Frontières du Vivant)","Université Paris Cité","PhD"
"238","6ee2e28b900e1285085cd57615cbf197","--","DUAL CONSEIL","Greater Paris Metropolitan Region","1f2d1c14097350ef355a301ec0f3c861","2018-2019","2019",TRUE,FALSE,FALSE,FALSE,FALSE,FALSE,FALSE,FALSE,FALSE,FALSE,FALSE,FALSE,FALSE,FALSE,FALSE,FALSE,FALSE,"Master's degree, Data science & internet innovation","Tsinghua University","Master"
"239","62a801161a35399d4a770b541b3c596b","Artificial Intelligence Intern at Therapixel","Therapixel","Paris, Île-de-France, France","81f874b80c4260613763224ff6bc0c66","2020-2021","2021",TRUE,FALSE,FALSE,FALSE,FALSE,FALSE,FALSE,FALSE,FALSE,FALSE,FALSE,FALSE,FALSE,FALSE,FALSE,FALSE,FALSE,"Master of Science - MS, Digital Sciences - Bioentrepreneurs","Université Paris Cité","Master"
"240","cd5eed155411215c62ac362e099350b6","Postdoctoral Research Fellow at Biozentrum, University of Basel","Biozentrum, University of Basel","Basel, Basel, Switzerland","346bba617b31d2d69825a48a73b77103","2009/2010","2010",TRUE,TRUE,TRUE,TRUE,FALSE,FALSE,FALSE,FALSE,FALSE,FALSE,FALSE,FALSE,FALSE,FALSE,FALSE,FALSE,FALSE,"Doctor of Philosophy (Ph.D.), Biology of aging","Université Paris Cité","PhD"
"241","ba25ecf55c90b7ce87dd2cdc8cbb2492","清华大学 - Graduate Research Student","深圳市优必选科技股份有限公司","Shenzhen, Guangdong, China","8bc14bafe47eac6bd15bb34b2b151b9f","2017-2018","2018",TRUE,FALSE,FALSE,FALSE,FALSE,FALSE,FALSE,FALSE,FALSE,FALSE,FALSE,FALSE,FALSE,FALSE,FALSE,FALSE,FALSE,"硕士, Internet Innovation Design","Tsinghua University","Other"
"242","da3c6bc5442bd6bd05db7fd73a2a31b3","Postdoctoral Associate at New York University • iGEM Alumnus","New York University","New York, New York, United States","658f963f8a3a2a02deb69c581525518d","2012/2013","2013",TRUE,TRUE,TRUE,TRUE,FALSE,FALSE,FALSE,FALSE,FALSE,FALSE,FALSE,FALSE,FALSE,FALSE,FALSE,FALSE,FALSE,"Doctor of Philosophy - PhD, Systems Biology/Ecology/Biophysics","Frontiers in Life Sciences (FdV) Doctoral School (Sorbonne Paris Cité)","PhD"
